Siruta,Carne,Peste,LegumeFructe,Uleiuri,Lactate,Morarit,Panificatie
57350,0.0,0.0,0.0,0.0,100.0,0.0,0.0
73736,0.0,0.0,100.0,0.0,0.0,0.0,0.0
147465,0.0,0.0,0.0,0.0,0.0,0.0,100.0
114710,3.7267080745341614,0.0,0.0,0.0,0.9316770186335404,0.0,95.34161490683229
122908,0.0,0.0,0.0,0.0,0.0,0.0,100.0
131103,0.0,0.0,0.0,0.0,0.0,0.0,100.0
172082,0.0,0.0,0.0,0.0,0.0,0.0,100.0
49206,0.0,0.0,0.0,0.0,0.0,0.0,100.0
106559,28.143712574850298,0.0,0.0,0.0,5.9880239520958085,0.0,65.86826347305389
139330,30.0,0.0,0.0,0.0,0.0,0.0,70.0
98373,0.0,0.0,0.0,0.0,0.0,0.0,100.0
147526,0.0,0.0,0.0,0.0,0.0,3.669724770642202,96.3302752293578
16454,0.0,0.0,0.0,0.0,0.0,100.0,0.0
65609,7.142857142857142,0.0,0.0,0.0,0.0,0.0,92.85714285714286
41033,0.0,0.0,0.0,0.0,0.0,0.0,100.0
16472,0.0,0.0,0.0,0.0,0.0,0.0,100.0
139358,99.96468926553672,0.0,0.0,0.0,0.0,0.0,0.03531073446327684
90208,100.0,0.0,0.0,0.0,0.0,0.0,0.0
155760,0.0,0.0,0.0,0.0,0.0,54.285714285714285,45.714285714285715
32884,100.0,0.0,0.0,0.0,0.0,0.0,0.0
114809,45.22821576763486,0.0,0.2074688796680498,0.0,0.0,0.0,54.56431535269709
16506,0.0,0.0,0.0,0.0,0.0,0.0,100.0
73852,0.0,0.0,0.0,0.0,0.0,0.0,100.0
106620,0.0,0.0,0.0,0.0,0.0,0.0,100.0
41088,0.0,0.0,0.0,0.0,0.0,81.25,18.75
98435,0.0,0.0,0.0,0.0,0.0,0.0,100.0
131210,0.0,0.0,0.0,0.0,0.0,0.0,100.0
65681,0.0,0.0,3.2,0.0,0.0,0.0,96.8
155797,0.0,0.0,0.0,0.0,0.0,100.0,0.0
41113,0.0,0.0,100.0,0.0,0.0,0.0,0.0
16551,0.0,0.0,0.0,0.0,0.0,0.0,100.0
114854,0.0,0.0,3.125,0.0,0.0,0.0,96.875
131256,51.03305785123967,0.0,0.0,0.0,0.0,4.338842975206612,44.62809917355372
106684,82.88621646623497,0.0,0.0,0.0,0.0,0.0,17.11378353376503
24766,100.0,0.0,0.0,0.0,0.0,0.0,0.0
73923,0.0,0.0,0.0,0.0,0.0,76.92307692307693,23.076923076923077
155840,0.0,0.0,0.0,0.0,0.0,0.0,100.0
98505,0.0,0.0,0.0,0.0,0.0,100.0,0.0
57546,0.0,0.0,0.0,0.0,0.0,0.0,100.0
147660,0.0,0.0,0.0,0.0,78.57142857142857,0.0,21.428571428571427
41177,0.0,0.0,0.0,0.0,0.0,0.0,100.0
82136,100.0,0.0,0.0,0.0,0.0,0.0,0.0
123102,50.0,0.0,50.0,0.0,0.0,0.0,0.0
8425,0.0,0.0,0.0,0.0,0.0,0.0,100.0
114925,2.857142857142857,0.0,0.0,0.0,0.0,0.0,97.14285714285714
57582,0.0,0.0,0.0,0.0,94.11764705882352,0.0,5.88235294117647
106746,73.45971563981043,0.0,0.0,0.0,1.4218009478672986,0.0,25.118483412322274
155911,0.0,0.0,0.0,0.0,0.0,0.0,100.0
131336,0.0,0.0,0.0,0.0,0.0,0.0,100.0
73996,0.0,0.0,0.0,0.0,0.0,0.0,100.0
49439,0.0,0.0,0.0,0.0,0.0,100.0,0.0
106782,0.0,0.0,0.0,0.0,0.0,0.0,100.0
164133,0.0,0.0,0.0,0.0,0.0,0.0,100.0
65841,0.0,0.0,0.0,0.0,3.0303030303030303,9.090909090909092,87.87878787878788
172340,0.0,0.0,0.0,0.0,0.0,94.44444444444444,5.555555555555555
106817,0.0,0.0,3.225806451612903,0.0,3.225806451612903,0.0,93.54838709677419
82243,0.0,0.0,0.0,0.0,0.0,0.0,100.0
41284,0.0,0.0,0.0,0.0,100.0,0.0,0.0
147786,0.0,0.0,0.0,0.0,0.0,100.0,0.0
131407,97.1576227390181,0.0,0.0,0.0,0.0,0.0,2.842377260981912
57706,80.75117370892019,0.0,0.0,0.0,0.9389671361502347,0.0,18.30985915492958
131443,0.0,0.0,0.0,0.0,0.0,0.0,100.0
98685,0.0,0.0,9.090909090909092,0.0,0.0,90.9090909090909,0.0
65921,8.24742268041237,0.0,0.0,0.0,0.0,0.0,91.75257731958763
49545,0.0,0.0,0.0,0.0,100.0,0.0,0.0
57742,0.0,0.0,0.0,0.0,0.0,0.0,100.0
41382,0.0,0.0,0.0,0.0,0.0,0.0,100.0
24999,0.0,0.0,0.0,0.0,0.0,100.0,0.0
90538,0.0,0.0,0.0,0.0,0.0,0.0,100.0
172457,0.0,0.0,0.0,0.0,0.0,0.0,100.0
33202,0.0,0.0,0.0,0.0,0.0,0.0,100.0
139704,3.6585365853658534,0.0,8.94308943089431,0.0,6.910569105691057,0.40650406504065045,80.08130081300813
156106,0.0,0.0,0.0,0.0,0.0,0.0,100.0
41417,0.0,0.0,0.0,0.0,0.0,0.0,100.0
115147,0.0,0.0,0.0,0.0,0.0,0.0,100.0
131540,85.96491228070175,0.0,0.0,0.0,0.0,0.0,14.035087719298245
98774,0.0,0.0,0.0,0.0,0.0,0.0,100.0
66009,100.0,0.0,0.0,0.0,0.0,0.0,0.0
49625,0.0,0.0,0.0,0.0,0.0,0.0,100.0
33248,0.0,0.0,0.0,0.0,0.0,34.883720930232556,65.11627906976744
106979,10.204081632653061,0.0,0.0,0.0,0.0,0.0,89.79591836734694
147937,0.0,0.0,0.0,0.0,0.0,5.405405405405405,94.5945945945946
123371,0.0,0.0,0.0,0.0,100.0,0.0,0.0
25068,0.0,0.0,0.0,0.0,0.0,100.0,0.0
107001,100.0,0.0,0.0,0.0,0.0,0.0,0.0
33275,0.0,0.0,0.0,0.0,0.0,0.0,100.0
131577,0.0,0.0,0.0,0.0,100.0,0.0,0.0
41471,0.0,0.0,0.0,0.0,0.0,0.0,100.0
16908,0.0,0.0,0.0,0.0,0.0,0.0,100.0
66081,0.0,0.0,0.0,0.0,0.0,0.0,100.0
139811,0.0,0.0,0.0,0.0,0.0,22.22222222222222,77.77777777777779
148006,0.0,0.0,0.0,0.0,0.0,0.0,100.0
115236,0.0,0.0,0.0,0.0,0.0,100.0,0.0
131620,0.49019607843137253,0.0,0.0,0.0,0.0,77.20588235294117,22.30392156862745
164393,0.0,0.0,0.0,0.0,0.0,66.66666666666666,33.33333333333333
57902,88.88888888888889,0.0,0.0,0.0,1.1111111111111112,1.1111111111111112,8.88888888888889
156213,0.0,0.0,0.0,0.0,100.0,0.0,0.0
25148,0.0,0.0,0.0,0.0,0.0,0.0,100.0
123479,0.0,0.0,0.0,0.0,0.0,50.0,50.0
156259,0.0,0.0,0.0,0.0,0.0,0.0,100.0
98916,0.0,0.0,0.0,0.0,0.0,100.0,0.0
139884,5.970149253731343,0.0,0.0,0.0,17.91044776119403,0.0,76.11940298507463
74359,0.0,0.0,0.0,0.0,0.0,100.0,0.0
156277,0.0,0.0,0.0,0.0,0.0,100.0,0.0
8826,0.0,0.0,0.0,0.0,0.0,4.545454545454546,95.45454545454545
82555,0.0,0.0,0.0,0.0,0.0,0.0,100.0
148097,0.0,0.0,0.0,0.0,95.0,5.0,0.0
25228,0.0,0.0,0.0,0.0,0.0,100.0,0.0
107154,0.0,0.0,0.0,0.0,0.0,0.0,100.0
41621,96.15952732644017,0.0,0.0,0.0,0.0,0.0,3.8404726735598227
156311,0.0,0.0,0.0,0.0,0.0,0.0,100.0
66198,0.0,0.0,0.0,0.0,0.0,100.0,0.0
33435,0.0,0.0,0.0,0.0,100.0,0.0,0.0
148131,0.0,0.0,0.0,0.0,0.0,0.0,100.0
98998,0.0,0.0,0.0,0.0,0.0,100.0,0.0
49849,0.0,0.0,0.0,100.0,0.0,0.0,0.0
115389,0.0,0.0,0.0,0.0,7.6923076923076925,0.0,92.3076923076923
41667,0.0,0.0,0.0,0.0,0.0,0.0,100.0
156357,0.0,0.0,0.0,0.0,0.0,0.0,100.0
123601,0.0,0.0,0.0,0.0,0.0,0.0,100.0
41701,0.0,0.0,0.0,0.0,0.0,0.0,100.0
49894,100.0,0.0,0.0,0.0,0.0,0.0,0.0
148202,0.0,0.0,0.0,0.0,99.57173447537473,0.0,0.4282655246252677
131817,0.0,0.0,0.0,0.0,0.0,0.6172839506172839,99.38271604938271
131835,0.0,0.0,0.0,0.0,0.0,100.0,0.0
33541,0.0,0.0,0.0,0.0,0.0,0.0,100.0
123674,0.0,0.0,0.0,0.0,0.0,12.5,87.5
58142,0.0,0.0,0.0,0.0,67.3469387755102,0.0,32.6530612244898
107314,0.0,0.0,0.0,0.0,100.0,0.0,0.0
156473,0.0,0.0,0.0,0.0,0.0,0.0,100.0
115520,0.0,0.0,0.0,0.0,0.0,0.0,100.0
9026,0.0,0.0,0.0,0.0,0.0,0.0,100.0
33603,0.0,0.0,0.0,0.0,68.25396825396825,0.0,31.746031746031743
148293,0.0,0.0,85.71428571428571,0.0,0.0,0.0,14.285714285714285
74581,0.0,0.0,0.0,0.0,0.0,0.0,100.0
33621,0.0,0.0,0.0,0.0,0.0,0.0,100.0
107350,0.0,0.0,0.0,0.0,21.428571428571427,0.0,78.57142857142857
41818,0.0,0.0,0.0,0.0,100.0,0.0,0.0
131933,0.0,0.0,0.0,0.0,0.0,0.0,100.0
50022,0.0,0.0,0.0,0.0,11.11111111111111,0.0,88.88888888888889
74616,0.0,0.0,0.0,0.0,0.0,0.0,100.0
33658,0.0,0.0,100.0,0.0,0.0,0.0,0.0
107403,0.0,0.0,0.0,0.0,0.0,0.0,100.0
82831,0.0,0.0,0.0,0.0,0.0,0.0,100.0
123790,0.0,0.0,0.0,0.0,0.0,0.0,100.0
58259,0.0,0.0,0.0,0.0,0.0,0.0,100.0
107430,0.0,0.0,0.0,0.0,100.0,0.0,0.0
66474,0.0,0.0,0.0,0.0,0.0,0.0,100.0
91054,0.0,0.0,0.0,0.0,0.0,0.0,100.0
115637,0.0,0.0,0.0,0.0,0.0,0.0,100.0
50102,0.0,0.0,2.803738317757009,0.0,0.0,0.0,97.19626168224299
172992,0.0,0.0,0.0,0.0,0.0,100.0,0.0
41925,0.0,0.0,0.0,0.0,0.0,54.54545454545454,45.45454545454545
58311,0.0,0.0,16.666666666666664,16.666666666666664,0.0,16.666666666666664,50.0
148426,87.17948717948718,0.0,0.0,0.0,0.0,5.128205128205128,7.6923076923076925
82895,0.0,0.0,0.0,0.0,0.0,0.0,100.0
107485,0.0,0.0,0.0,0.0,0.0,0.0,100.0
66526,0.0,0.0,40.0,0.0,0.0,20.0,40.0
132075,96.42857142857143,0.0,0.0,0.0,0.0,3.571428571428571,0.0
91116,100.0,0.0,0.0,0.0,0.0,0.0,0.0
1017,48.704663212435236,12.564766839378239,0.38860103626943004,0.0,0.38860103626943004,0.0,37.95336787564767
140280,0.0,0.0,100.0,0.0,0.0,0.0,0.0
115708,0.0,0.0,0.0,0.0,0.0,100.0,0.0
107519,0.0,0.0,0.0,0.0,0.0,0.0,100.0
42003,0.0,0.0,0.0,0.0,0.0,0.0,100.0
66580,0.0,0.0,0.0,0.0,0.0,0.0,100.0
58393,0.0,0.0,100.0,0.0,0.0,0.0,0.0
148514,100.0,0.0,0.0,0.0,0.0,0.0,0.0
156712,0.0,0.0,0.0,0.0,0.0,0.0,100.0
99370,0.0,0.0,0.0,0.0,100.0,0.0,0.0
9262,56.709741550695824,0.0,3.180914512922465,0.0,0.8946322067594433,2.2365805168986084,36.97813121272366
1071,100.0,0.0,0.0,0.0,0.0,0.0,0.0
50228,0.0,0.0,100.0,0.0,0.0,0.0,0.0
33845,0.0,0.0,0.0,0.0,100.0,0.0,0.0
107582,0.0,0.0,0.0,0.0,100.0,0.0,0.0
9280,0.0,0.0,0.0,0.0,0.0,0.0,100.0
164936,0.0,0.0,0.0,14.285714285714285,0.0,0.0,85.71428571428571
17496,0.0,0.0,0.0,0.0,0.0,0.0,100.0
33881,0.0,0.0,0.0,0.0,40.0,0.0,60.0
140379,0.0,0.0,0.0,0.0,13.043478260869565,86.95652173913044,0.0
25692,0.0,0.0,0.0,0.0,0.0,0.0,100.0
42076,0.0,0.0,0.0,0.0,100.0,0.0,0.0
74859,0.0,0.0,0.0,0.0,96.3076923076923,0.0,3.6923076923076925
74867,0.0,0.0,0.0,0.0,0.0,100.0,0.0
42101,94.57364341085271,0.0,0.0,0.0,1.550387596899225,0.0,3.875968992248062
164981,0.0,0.0,0.0,0.0,0.0,0.0,100.0
1151,0.0,0.0,0.0,0.0,0.0,0.0,100.0
156801,0.0,0.0,0.0,0.0,93.93939393939394,0.0,6.0606060606060606
115851,0.0,0.0,37.03703703703704,0.0,35.18518518518518,0.0,27.77777777777778
107662,0.0,0.0,0.0,0.0,100.0,0.0,0.0
9360,0.0,0.0,0.0,0.0,0.0,0.0,100.0
140440,0.0,0.0,0.0,0.0,0.0,0.0,100.0
33952,0.0,0.0,0.0,0.0,100.0,0.0,0.0
17575,0.0,0.0,0.0,0.0,0.0,0.0,100.0
66731,0.0,0.0,0.0,0.0,0.0,100.0,0.0
173230,0.0,0.0,0.0,0.0,0.0,0.0,100.0
9397,0.0,0.0,0.0,0.0,0.0,0.0,100.0
115897,0.0,0.0,0.0,0.0,0.0,0.0,100.0
148667,0.0,0.0,0.0,0.0,0.0,0.0,100.0
83133,4.195804195804196,0.0,20.27972027972028,0.0,28.671328671328673,0.0,46.85314685314685
1213,13.725490196078432,0.0,0.0,1.9607843137254901,9.803921568627452,29.411764705882355,45.09803921568628
42183,0.0,0.0,0.0,0.0,100.0,0.0,0.0
74956,0.0,0.0,0.0,0.0,0.0,0.0,100.0
83151,0.0,0.0,0.0,0.0,100.0,0.0,0.0
107733,0.0,0.0,0.0,0.0,0.0,0.0,100.0
148694,0.0,0.0,0.0,0.0,0.0,23.809523809523807,76.19047619047619
140501,0.0,0.0,0.0,0.0,0.0,0.0,100.0
132315,0.0,0.0,0.0,0.0,0.0,0.0,100.0
50399,0.0,0.0,0.0,0.0,0.0,100.0,0.0
25825,0.0,0.0,0.0,0.0,0.0,0.0,100.0
50415,100.0,0.0,0.0,0.0,0.0,0.0,0.0
9459,0.0,0.0,0.0,0.0,0.0,0.0,100.0
115959,0.0,0.0,0.0,0.0,0.0,0.0,100.0
148729,0.0,0.0,0.0,0.0,0.0,0.0,100.0
42236,0.0,0.0,0.0,0.0,0.0,0.0,100.0
140547,0.0,0.0,0.0,0.0,0.0,0.0,100.0
25861,100.0,0.0,0.0,0.0,0.0,0.0,0.0
99600,0.0,0.0,0.0,0.0,0.0,100.0,0.0
9495,0.0,0.0,88.67924528301887,0.0,0.0,0.0,11.320754716981133
34075,0.0,0.0,0.0,0.0,0.0,100.0,0.0
148765,0.0,0.0,0.0,0.0,100.0,0.0,0.0
66857,0.0,0.0,0.0,0.0,0.0,0.0,100.0
50479,0.0,0.0,0.0,50.0,0.0,50.0,0.0
124206,0.0,0.0,0.0,0.0,0.0,0.0,100.0
132404,0.0,0.0,0.0,0.0,12.5,0.0,87.5
9538,0.0,0.0,0.0,0.0,0.0,0.0,100.0
1348,35.75949367088608,0.0,0.0,0.0,20.253164556962027,1.2658227848101267,42.721518987341774
140627,0.0,0.0,0.0,0.0,0.0,100.0,0.0
75098,8.677248677248677,0.0,0.0,30.317460317460316,9.682539682539684,2.751322751322751,48.57142857142857
107868,0.0,0.0,0.0,0.0,0.0,0.0,100.0
9574,0.0,0.0,0.0,0.0,0.0,0.0,100.0
75114,0.0,0.0,0.0,0.0,0.0,0.0,100.0
83320,10.06711409395973,0.0,0.33557046979865773,0.0,22.818791946308725,0.16778523489932887,66.61073825503355
148872,0.0,0.0,0.0,0.0,100.0,0.0,0.0
75150,58.63309352517986,0.0,0.0,0.0,0.0,0.7194244604316548,40.647482014388494
107920,0.0,0.0,0.0,0.0,0.0,0.0,100.0
9627,0.0,0.0,0.0,0.0,0.0,100.0,0.0
132510,48.62385321100918,0.0,38.53211009174312,0.0,0.0,12.844036697247708,0.0
157086,95.31772575250837,0.0,0.0,0.0,0.0,0.0,4.682274247491638
17824,100.0,0.0,0.0,0.0,0.0,0.0,0.0
1455,8.064516129032258,0.0,0.0,0.0,0.0,0.0,91.93548387096774
9654,0.0,0.9302325581395349,0.0,0.0,1.8604651162790697,0.0,97.20930232558139
148916,0.0,0.0,0.0,0.0,0.0,0.0,100.0
17851,0.0,0.0,0.0,0.0,0.0,0.0,100.0
75203,11.746031746031745,0.0,0.31746031746031744,0.9523809523809524,5.079365079365079,3.8095238095238098,78.0952380952381
107975,0.0,0.0,12.5,0.0,0.0,0.0,87.5
67014,0.0,0.0,0.0,0.0,0.0,0.0,100.0
75221,0.0,0.0,0.0,100.0,0.0,0.0,0.0
34262,0.0,0.0,0.0,0.0,0.0,0.0,100.0
9690,8.0,0.0,0.0,0.0,0.0,0.0,92.0
173533,100.0,0.0,0.0,0.0,0.0,0.0,0.0
42464,0.0,0.0,0.0,0.0,0.0,0.0,100.0
140770,0.0,0.0,0.0,0.0,0.0,0.0,100.0
83428,0.0,0.0,0.0,0.0,0.0,0.0,100.0
34280,0.0,0.0,0.0,0.0,100.0,0.0,0.0
42480,0.0,0.0,72.72727272727273,0.0,27.27272727272727,0.0,0.0
108017,0.0,0.0,0.0,0.0,0.0,0.0,100.0
124411,0.0,0.0,0.0,0.0,0.0,100.0,0.0
75258,0.0,0.0,0.0,0.0,0.0,100.0,0.0
108035,0.0,0.0,0.0,0.0,0.0,0.0,100.0
26118,0.0,0.0,0.0,0.0,0.0,100.0,0.0
83464,40.65934065934066,0.0,0.0,0.0,0.0,0.0,59.34065934065934
9743,0.0,0.0,0.0,0.0,100.0,0.0,0.0
140823,100.0,0.0,0.0,0.0,0.0,0.0,0.0
34333,0.0,0.0,0.0,0.0,0.0,0.0,100.0
83491,0.0,0.0,0.0,0.0,0.0,0.0,100.0
58918,0.0,0.0,0.0,0.0,0.0,0.0,100.0
34360,0.0,0.0,0.0,0.0,0.0,0.0,100.0
149049,0.0,0.0,0.0,0.0,76.5625,0.0,23.4375
157246,0.0,0.0,0.0,0.0,0.0,0.0,100.0
83525,46.590909090909086,0.0,0.0,0.0,38.63636363636363,0.0,14.772727272727273
9798,0.0,0.0,0.0,0.0,0.0,0.0,100.0
75338,0.0,0.0,0.0,0.0,0.0,100.0,0.0
108106,0.0,0.0,0.0,0.0,0.0,80.0,20.0
132681,0.0,0.0,0.0,0.0,71.42857142857143,28.57142857142857,0.0
157273,0.0,0.0,0.0,0.0,0.0,0.0,100.0
50790,59.25507900677201,0.0,0.33860045146726864,0.0,0.0,0.0,40.40632054176072
9832,0.0,0.0,0.0,0.0,0.0,0.0,100.0
83561,52.94117647058824,0.0,0.32679738562091504,0.0,0.0,0.0,46.73202614379085
18028,0.0,0.0,0.0,0.0,0.0,5.88235294117647,94.11764705882352
58990,0.0,0.0,0.0,0.0,0.0,0.0,100.0
132716,0.0,0.0,0.0,0.0,0.0,0.0,100.0
149101,87.56218905472637,0.0,0.0,0.0,12.437810945273633,0.0,0.0
108151,0.0,0.0,0.0,0.0,40.0,0.0,60.0
99968,0.0,0.0,0.0,0.0,0.0,100.0,0.0
157317,100.0,0.0,0.0,0.0,0.0,0.0,0.0
149138,0.0,0.0,0.0,0.0,0.0,0.0,100.0
91795,0.0,0.0,0.0,0.0,0.0,0.0,100.0
140958,0.0,0.0,0.0,0.0,0.0,0.0,100.0
1696,98.88793840889649,0.0,0.0,0.0,0.0,0.0,1.1120615911035072
59041,0.0,0.0,0.0,0.0,0.0,0.0,100.0
116395,0.0,0.0,0.0,0.0,0.0,0.0,100.0
108204,0.0,0.0,0.0,0.0,0.0,0.0,100.0
26289,0.0,0.0,0.0,0.0,0.0,0.0,100.0
83632,41.66666666666667,0.0,0.0,0.0,0.0,0.0,58.333333333333336
173748,0.0,0.0,0.0,0.0,0.0,100.0,0.0
67256,0.0,0.0,0.0,0.0,0.0,100.0,0.0
42682,16.363636363636363,0.0,6.0606060606060606,0.0,6.666666666666667,4.545454545454546,66.36363636363637
132805,0.0,0.0,0.0,0.0,0.0,0.0,100.0
50889,0.0,0.0,0.0,0.0,0.0,0.0,100.0
26320,0.0,0.0,0.0,0.0,0.0,0.0,100.0
42708,0.0,0.0,0.0,0.0,0.0,4.938271604938271,95.06172839506173
124634,0.0,0.0,0.0,0.0,0.0,0.0,100.0
173793,0.0,0.0,0.0,0.0,0.0,0.0,100.0
149227,0.0,0.0,0.0,0.0,25.0,75.0,0.0
124661,75.0,0.0,0.0,0.0,0.0,25.0,0.0
100086,0.0,0.0,0.0,0.0,0.0,100.0,0.0
75515,0.0,0.0,0.0,0.0,0.0,25.0,75.0
67327,0.0,0.0,0.0,0.0,0.0,0.0,100.0
42753,0.0,0.0,0.0,0.0,14.285714285714285,0.0,85.71428571428571
1794,1.7241379310344827,0.0,0.0,0.0,0.0,45.689655172413794,52.58620689655172
10006,0.0,0.0,0.0,0.0,0.0,0.0,100.0
50969,88.57142857142857,0.0,0.0,0.0,0.0,0.0,11.428571428571429
83749,0.0,0.0,0.0,0.0,13.636363636363635,0.0,86.36363636363636
149290,0.0,0.0,0.0,0.0,0.0,0.0,100.0
124723,100.0,0.0,0.0,0.0,0.0,0.0,0.0
157497,82.27848101265823,0.0,0.0,0.0,0.0,17.72151898734177,0.0
108348,0.0,0.0,0.0,5.555555555555555,0.0,0.0,94.44444444444444
51010,11.475409836065573,0.0,0.0,0.0,0.0,0.0,88.52459016393442
149316,0.0,0.0,0.0,0.0,90.0,0.0,10.0
83785,0.0,0.0,0.0,0.0,0.0,0.0,100.0
141134,0.0,0.0,0.0,0.0,0.0,0.0,100.0
1874,0.3629764065335753,0.0,0.5444646098003629,0.0,85.2994555353902,0.0,13.793103448275861
157530,0.0,0.0,0.0,100.0,0.0,0.0,0.0
173935,0.0,0.0,0.0,0.0,0.0,0.0,100.0
51056,22.857142857142858,0.0,0.0,0.0,0.0,0.0,77.14285714285715
108400,68.0,0.0,0.0,0.0,32.0,0.0,0.0
34690,0.0,0.0,0.0,0.0,0.0,100.0,0.0
83847,0.0,0.0,100.0,0.0,0.0,0.0,0.0
1936,0.0,0.0,0.0,0.0,0.0,0.0,100.0
59283,0.0,0.0,0.0,0.0,0.0,0.0,100.0
133018,0.0,0.0,0.0,0.0,50.0,50.0,0.0
149414,0.0,0.0,0.0,0.0,0.0,0.0,100.0
108455,0.0,0.0,0.0,0.0,0.0,0.0,100.0
116652,0.0,0.0,0.0,0.0,0.0,0.0,100.0
51118,3.125,0.0,0.0,0.0,42.70833333333333,0.0,54.166666666666664
124849,0.0,0.0,0.0,0.0,100.0,0.0,0.0
108473,0.0,0.0,0.0,0.0,0.0,0.0,100.0
59327,0.0,0.0,0.0,0.0,0.0,0.0,100.0
26564,29.02208201892745,0.0,0.0,0.23659305993690852,0.15772870662460567,1.1041009463722398,69.4794952681388
174021,0.0,0.0,50.0,0.0,0.0,0.0,50.0
100308,0.0,0.0,0.0,0.0,0.0,100.0,0.0
26582,0.0,0.0,0.0,3.9215686274509802,3.9215686274509802,0.0,92.15686274509804
100326,0.0,0.0,0.0,0.0,100.0,0.0,0.0
18411,0.0,0.0,0.0,0.0,0.0,0.0,100.0
100335,100.0,0.0,0.0,0.0,0.0,0.0,0.0
157683,0.0,0.0,0.0,0.0,100.0,0.0,0.0
116723,0.0,0.0,0.0,0.0,100.0,0.0,0.0
100353,0.0,0.0,0.0,0.0,0.0,0.0,100.0
51207,2.7027027027027026,0.0,0.0,0.0,0.0,0.0,97.2972972972973
67595,0.0,0.0,0.0,0.0,0.0,0.0,100.0
43019,0.0,0.0,0.0,0.0,80.0,20.0,0.0
83981,0.0,0.0,50.0,0.0,0.0,0.0,50.0
92177,0.0,0.0,0.0,0.0,0.0,0.0,100.0
59416,0.0,0.0,0.0,0.0,0.0,5.555555555555555,94.44444444444444
26653,0.0,0.0,0.0,0.0,0.0,38.88888888888889,61.111111111111114
149539,0.0,0.0,0.0,0.0,0.0,0.0,100.0
34850,0.0,0.0,0.0,0.0,0.0,0.0,100.0
133161,87.46006389776358,0.0,11.661341853035143,0.0,0.0,0.0,0.8785942492012779
10293,0.0,0.0,0.0,0.0,0.0,0.0,100.0
116796,0.0,100.0,0.0,0.0,0.0,0.0,0.0
141376,0.0,0.0,0.0,0.0,0.0,0.0,100.0
26699,10.344827586206897,0.0,13.793103448275861,0.0,0.0,0.0,75.86206896551724
174156,0.0,0.0,0.0,0.0,0.0,0.0,100.0
34903,0.0,0.0,0.0,0.0,0.0,0.0,100.0
108632,0.0,0.0,0.0,0.0,0.0,0.0,100.0
67675,0.0,0.0,0.0,0.0,0.0,0.0,100.0
133214,100.0,0.0,0.0,0.0,0.0,0.0,0.0
18527,75.0,0.0,0.0,0.0,0.0,2.5,22.5
51305,0.0,0.0,0.0,0.0,0.0,0.0,100.0
26742,0.0,0.0,100.0,0.0,0.0,0.0,0.0
108669,0.0,0.0,0.0,0.0,0.0,0.0,100.0
116867,0.0,0.0,0.0,0.0,0.0,0.0,100.0
141447,0.0,0.0,0.0,0.0,0.0,0.0,100.0
157834,4.081632653061225,0.0,0.0,0.0,0.0,0.0,95.91836734693877
174218,0.0,0.0,0.0,0.0,100.0,0.0,0.0
18581,0.0,0.0,0.0,0.0,0.0,0.0,100.0
67737,0.0,0.0,0.0,0.0,0.0,0.0,100.0
108696,0.0,0.0,0.0,0.0,0.0,0.0,100.0
133278,0.0,0.0,0.0,0.0,0.0,0.0,100.0
100521,0.0,0.0,0.0,7.5,40.0,1.5,51.0
34985,0.0,0.0,0.0,0.0,100.0,0.0,0.0
108712,0.0,0.0,0.0,0.0,100.0,0.0,0.0
43180,0.0,0.0,0.0,0.0,100.0,0.0,0.0
174254,0.0,0.0,0.0,0.0,0.0,0.0,100.0
75953,0.0,0.0,0.0,60.0,0.0,40.0,0.0
26804,0.0,0.0,3.8461538461538463,0.0,0.0,0.0,96.15384615384616
84148,0.0,0.0,0.0,0.0,0.0,0.0,100.0
67773,0.0,0.0,0.0,0.0,0.0,0.0,100.0
59586,0.0,0.0,0.0,0.0,16.666666666666664,0.0,83.33333333333334
125123,0.0,0.0,0.0,0.0,0.0,100.0,0.0
116938,0.0,0.0,0.0,0.0,0.0,0.0,100.0
84175,0.0,0.0,0.0,0.0,0.0,0.0,100.0
133330,0.0,0.0,0.0,0.0,0.0,33.33333333333333,66.66666666666666
26840,0.0,0.0,0.0,0.0,0.0,0.0,100.0
100576,67.22925457102671,0.0,0.0,0.0,0.0,9.985935302390999,22.78481012658228
157923,0.0,0.0,0.0,0.0,0.0,0.0,100.0
35054,0.0,0.0,0.0,0.0,0.0,0.0,100.0
116983,0.0,0.0,0.0,0.0,0.0,9.090909090909092,90.9090909090909
149753,0.0,0.0,0.0,0.0,0.0,0.0,100.0
166137,0.0,0.0,0.0,100.0,0.0,0.0,0.0
26877,0.0,0.0,0.0,0.0,0.0,0.0,100.0
100610,0.0,0.0,0.8064516129032258,0.0,1.6129032258064515,40.32258064516129,57.25806451612904
84237,0.0,0.0,0.0,0.0,0.0,0.0,100.0
141580,0.0,0.0,0.0,0.0,0.0,0.0,100.0
133394,0.0,0.0,0.0,0.0,83.33333333333334,0.0,16.666666666666664
100638,0.0,0.0,0.0,0.0,0.0,100.0,0.0
10532,0.0,0.0,0.0,0.0,0.0,0.0,100.0
26920,100.0,0.0,0.0,0.0,0.0,0.0,0.0
84264,0.0,0.0,0.0,0.0,0.0,0.0,100.0
51500,100.0,0.0,0.0,0.0,0.0,0.0,0.0
59693,0.0,0.0,0.0,0.0,0.0,100.0,0.0
158010,0.0,0.0,0.0,0.0,0.0,0.0,100.0
43331,81.14558472553699,0.0,0.0,0.0,0.0,0.0,18.85441527446301
67906,0.0,0.0,0.0,0.0,0.0,38.46153846153847,61.53846153846154
100683,82.37410071942446,0.0,0.0,0.3597122302158274,0.0,0.0,17.26618705035971
108874,0.0,0.0,0.0,0.0,0.0,0.0,100.0
108892,25.0,0.0,0.0,0.0,0.0,0.0,75.0
26975,2.8169014084507045,0.0,0.0,13.145539906103288,1.4084507042253522,16.431924882629108,66.19718309859155
158065,0.0,0.0,0.0,0.0,0.0,0.0,100.0
51573,0.0,0.0,0.0,0.0,0.0,0.0,100.0
108918,0.0,0.0,0.0,0.0,100.0,0.0,0.0
117113,0.0,0.0,0.0,0.0,0.0,33.33333333333333,66.66666666666666
27007,0.0,0.0,0.0,0.0,0.0,5.714285714285714,94.28571428571428
133508,0.0,0.0,0.0,0.0,0.0,0.0,100.0
43411,0.0,0.0,0.0,0.0,0.0,22.22222222222222,77.77777777777779
100754,0.0,0.0,0.0,0.0,0.0,0.0,100.0
92569,70.89442815249268,0.36656891495601174,0.5131964809384164,0.0,0.0,4.398826979472141,23.826979472140764
141722,3.8461538461538463,0.0,0.0,0.0,0.0,0.0,96.15384615384616
84380,0.0,0.0,0.0,0.0,100.0,0.0,0.0
158109,0.0,0.0,0.0,0.0,0.0,43.373493975903614,56.62650602409639
108963,5.714285714285714,0.0,0.0,0.0,0.0,0.0,94.28571428571428
125347,0.3875968992248062,0.0,4.909560723514212,0.0,0.0,30.103359173126616,64.59948320413437
149931,0.0,20.0,0.0,0.0,80.0,0.0,0.0
100781,0.0,0.0,0.0,0.0,0.0,0.0,100.0
59826,0.0,0.0,0.0,0.0,0.0,0.0,100.0
117177,0.0,0.0,0.0,0.0,0.0,0.0,100.0
133562,0.0,0.0,0.0,0.0,0.0,0.0,100.0
84415,0.0,0.0,0.0,0.0,25.0,0.0,75.0
125374,76.92307692307693,0.0,0.0,0.0,0.0,23.076923076923077,0.0
35269,0.0,0.0,0.0,0.0,0.0,0.0,100.0
43466,0.0,0.0,0.0,0.0,0.0,0.0,100.0
76255,0.0,0.0,0.0,0.0,0.0,0.0,100.0
100834,2.4081115335868186,27.122940430925226,66.79340937896072,0.0,0.0,0.7604562737642585,2.915082382762991
43493,0.0,0.0,0.0,0.0,0.0,100.0,0.0
158181,0.0,0.0,0.0,0.0,0.0,62.5,37.5
59880,0.0,0.0,0.0,0.0,0.0,0.0,100.0
125418,58.69565217391305,0.0,0.0,0.0,0.0,0.0,41.30434782608695
109041,0.0,0.0,0.0,0.0,94.73684210526315,0.0,5.263157894736842
92658,10.970464135021098,0.0,0.0,74.82419127988749,2.390998593530239,0.2812939521800281,11.533052039381154
100852,0.0,0.0,0.0,0.0,0.0,0.0,100.0
76317,0.0,0.0,0.0,0.0,0.0,100.0,0.0
92701,31.03448275862069,0.0,0.0,0.0,0.0,3.4482758620689653,65.51724137931035
27169,0.0,0.0,0.0,0.0,0.0,0.0,100.0
125472,71.85792349726776,0.0,6.284153005464481,0.6830601092896175,0.0,5.737704918032787,15.437158469945356
158243,0.0,0.0,0.0,0.0,0.0,33.33333333333333,66.66666666666666
59942,0.0,0.0,0.0,0.0,0.0,100.0,0.0
43563,0.0,0.0,0.0,0.0,100.0,0.0,0.0
19007,0.0,0.0,0.0,0.0,0.0,100.0,0.0
117319,87.5,0.0,0.0,0.0,5.357142857142857,0.0,7.142857142857142
27212,0.0,0.0,0.0,0.0,0.0,0.0,100.0
84558,0.0,0.0,0.0,0.0,0.0,100.0,0.0
92765,11.188811188811188,0.0,0.0,0.0,0.0,86.7132867132867,2.097902097902098
35429,0.0,0.0,0.0,0.0,0.0,0.0,100.0
125542,0.0,0.0,0.0,0.0,16.666666666666664,0.0,83.33333333333334
100969,0.0,0.0,0.0,0.0,0.0,0.0,100.0
158314,0.0,0.0,0.0,0.0,48.10126582278481,0.0,51.89873417721519
43625,0.0,0.0,0.0,0.0,0.0,100.0,0.0
92783,0.0,0.0,0.0,0.0,0.0,100.0,0.0
10872,0.0,0.0,1.8867924528301887,0.0,0.0,0.0,98.11320754716981
109176,0.0,0.0,0.0,0.0,0.0,49.29577464788733,50.70422535211267
166529,0.0,0.0,0.0,0.0,0.0,100.0,0.0
101001,0.0,0.0,0.0,0.0,100.0,0.0,0.0
84629,0.0,0.0,0.0,0.0,0.0,0.0,100.0
27285,0.0,0.0,0.0,0.0,0.0,100.0,0.0
174744,9.817351598173515,0.0,9.58904109589041,0.0,12.785388127853881,16.894977168949772,50.91324200913242
60062,0.0,0.0,11.11111111111111,0.0,0.0,44.44444444444444,44.44444444444444
150178,0.0,0.0,0.0,0.0,25.0,0.0,75.0
133795,0.0,0.0,0.0,0.0,0.0,0.0,100.0
51877,100.0,0.0,0.0,0.0,0.0,0.0,0.0
92836,95.65217391304348,0.0,0.0,0.0,0.0,0.0,4.3478260869565215
19114,0.0,0.0,0.0,0.0,0.0,60.824742268041234,39.175257731958766
84656,0.0,0.0,0.0,0.0,2.247191011235955,0.0,97.75280898876404
117426,0.0,0.0,0.0,0.0,0.0,0.0,100.0
150196,37.5,0.0,0.0,0.0,0.0,62.5,0.0
125622,0.0,0.0,0.0,0.0,0.0,100.0,0.0
158396,0.0,100.0,0.0,0.0,0.0,0.0,0.0
174780,83.33333333333334,0.0,0.0,0.0,0.0,0.0,16.666666666666664
10943,0.0,0.0,0.0,0.0,0.0,0.0,100.0
19141,0.0,0.0,0.0,0.0,100.0,0.0,0.0
76497,0.0,0.0,0.0,4.166666666666666,0.0,4.166666666666666,91.66666666666666
109265,0.0,0.0,0.0,19.444444444444446,0.0,0.0,80.55555555555556
174824,0.0,0.0,42.857142857142854,0.0,0.0,0.0,57.14285714285714
166636,100.0,0.0,0.0,0.0,0.0,0.0,0.0
158449,0.0,0.0,0.0,0.0,66.66666666666666,0.0,33.33333333333333
27383,0.0,0.0,0.0,0.0,0.0,0.0,100.0
142079,0.0,0.0,0.0,0.0,0.0,0.0,100.0
43787,0.0,0.0,0.0,0.0,0.0,12.5,87.5
19212,0.0,0.0,0.0,0.0,0.0,100.0,0.0
174860,32.55813953488372,0.0,0.0,0.0,0.0,30.23255813953488,37.2093023255814
76558,0.0,0.0,0.0,100.0,0.0,0.0,0.0
166672,0.0,0.0,0.0,0.0,0.0,0.0,100.0
84754,0.0,0.0,0.0,0.0,0.0,0.0,100.0
101145,0.0,0.0,0.0,0.0,0.0,0.0,100.0
92961,0.0,0.0,0.0,0.0,0.0,0.0,100.0
43812,0.0,0.0,0.0,0.0,0.0,100.0,0.0
101163,0.0,0.0,0.0,0.0,0.0,0.0,100.0
27436,0.0,0.0,0.0,0.0,0.0,0.0,100.0
117550,0.0,0.0,0.0,0.0,85.14851485148515,0.0,14.85148514851485
68404,0.0,0.0,0.0,0.0,100.0,0.0,0.0
76601,0.0,0.0,0.0,0.0,0.0,0.0,100.0
158528,0.0,0.0,0.0,0.0,0.0,4.5662100456621,95.4337899543379
101190,0.0,0.0,0.0,0.0,0.0,0.0,100.0
174922,0.0,0.0,0.0,0.0,0.0,0.0,100.0
84825,0.0,0.0,0.0,0.0,89.1891891891892,0.0,10.81081081081081
93021,0.0,0.0,0.0,0.0,0.0,0.0,100.0
52062,0.0,0.0,0.0,0.0,0.0,0.0,100.0
2915,0.0,0.0,0.0,0.0,0.0,0.0,100.0
158564,4.411764705882353,0.0,0.0,0.0,0.0,0.0,95.58823529411765
109425,0.0,0.0,0.0,0.0,0.0,0.0,100.0
76674,31.03448275862069,0.0,0.0,0.0,0.0,0.0,68.96551724137932
150418,0.0,0.0,100.0,0.0,0.0,0.0,0.0
35731,38.7774594078319,0.0,0.09551098376313276,0.19102196752626552,3.7249283667621778,1.241642788920726,55.9694364851958
52115,0.0,0.0,0.0,0.0,0.0,0.0,100.0
76692,0.0,0.0,0.0,0.0,0.0,0.0,100.0
134050,99.29824561403508,0.0,0.0,0.0,0.0,0.0,0.7017543859649122
117667,0.0,0.0,0.0,0.0,0.0,0.0,100.0
175019,96.72727272727273,0.0,0.0,0.0,0.0,0.36363636363636365,2.909090909090909
2988,0.0,0.0,0.0,0.0,0.0,0.0,100.0
35759,0.0,0.0,0.0,0.0,0.0,0.0,100.0
76718,0.0,0.0,0.0,0.0,0.0,0.0,100.0
84923,0.0,0.0,0.0,0.0,66.66666666666666,0.0,33.33333333333333
109504,0.0,0.0,0.0,0.0,0.0,0.0,100.0
175055,0.0,0.0,0.0,0.0,0.0,0.0,100.0
134096,0.0,0.0,0.0,0.0,0.0,0.0,100.0
93156,100.0,0.0,0.0,0.0,0.0,0.0,0.0
158699,11.363636363636363,0.0,0.0,0.0,30.303030303030305,0.0,58.333333333333336
27631,21.568627450980394,0.0,0.0,0.0,0.0,1.9607843137254901,76.47058823529412
150524,0.0,0.0,0.0,0.0,0.0,100.0,0.0
35839,36.95652173913043,0.0,0.0,0.0,63.04347826086957,0.0,0.0
60419,2.2230320699708455,0.0,1.0204081632653061,8.454810495626822,15.123906705539358,26.6399416909621,46.53790087463557
125962,0.0,0.0,0.0,100.0,0.0,0.0,0.0
68627,0.0,0.0,0.0,0.0,0.0,100.0,0.0
44060,0.0,0.0,0.0,0.0,0.0,0.0,100.0
27686,0.0,0.0,0.0,0.0,11.538461538461538,0.0,88.46153846153845
60455,28.57142857142857,0.0,0.0,0.0,0.0,9.523809523809524,61.904761904761905
35884,0.0,0.0,0.0,0.0,0.0,0.0,100.0
125999,0.0,0.0,0.0,0.0,0.0,100.0,0.0
158779,0.0,0.0,0.0,0.0,0.0,21.428571428571427,78.57142857142857
150588,0.0,0.0,0.0,0.0,0.0,0.0,100.0
60482,84.28571428571429,0.0,0.0,0.0,0.4761904761904762,0.0,15.238095238095239
117827,0.0,0.0,0.0,0.0,0.0,0.0,100.0
126022,0.0,0.0,0.0,0.0,0.0,89.28571428571429,10.714285714285714
44113,0.0,0.0,0.0,100.0,0.0,0.0,0.0
85074,0.0,0.0,100.0,0.0,0.0,0.0,0.0
60507,0.0,0.0,0.0,0.0,8.108108108108109,0.0,91.8918918918919
35946,93.54838709677419,0.0,0.0,0.0,0.0,0.0,6.451612903225806
44140,0.0,0.0,0.0,0.0,0.0,0.0,100.0
27757,0.0,0.0,0.0,0.0,0.0,0.0,100.0
60534,0.0,0.0,0.0,0.0,0.0,0.0,100.0
167035,0.0,0.0,0.0,0.0,0.0,100.0,0.0
175224,0.0,0.0,0.0,0.0,0.0,0.0,100.0
85127,0.0,0.0,0.0,0.0,0.0,0.0,100.0
158859,0.0,0.0,0.0,0.0,0.0,100.0,0.0
126102,0.0,0.0,0.0,0.0,0.0,100.0,0.0
60570,0.0,0.0,0.0,0.0,0.0,0.0,100.0
36006,0.0,0.0,0.0,0.0,33.70786516853933,0.0,66.29213483146067
76969,0.0,0.0,0.0,0.0,0.0,7.142857142857142,92.85714285714286
150702,0.0,0.0,0.0,0.0,0.0,100.0,0.0
158895,0.0,0.0,100.0,0.0,0.0,0.0,0.0
93370,0.0,0.0,0.0,0.0,0.0,0.0,100.0
76996,0.0,0.0,0.0,0.0,0.0,100.0,0.0
27846,0.0,0.0,100.0,0.0,0.0,0.0,0.0
109773,12.625250501002002,0.0,0.0,0.0,2.6052104208416833,1.402805611222445,83.36673346693387
126166,0.0,0.0,0.0,0.0,0.0,100.0,0.0
60632,0.0,0.0,0.0,0.0,0.0,0.0,100.0
36060,0.0,0.0,0.0,0.0,60.0,0.0,40.0
150766,0.0,0.0,0.0,0.0,0.0,7.142857142857142,92.85714285714286
117998,0.0,0.0,0.0,0.0,100.0,0.0,0.0
109826,0.0,0.0,0.0,0.0,0.0,0.0,100.0
175368,0.0,0.0,0.0,0.0,0.0,0.0,100.0
60687,0.0,0.0,0.0,0.0,94.44444444444444,0.0,5.555555555555555
77082,0.0,0.0,0.0,0.0,0.0,0.0,100.0
27935,0.0,0.0,0.0,0.0,0.0,0.0,100.0
101662,0.0,0.0,0.0,0.0,0.0,100.0,0.0
44328,0.0,0.0,0.0,0.0,100.0,0.0,0.0
93487,0.0,0.0,0.0,0.0,0.0,0.0,100.0
60721,11.11111111111111,0.0,0.0,0.0,0.0,88.88888888888889,0.0
159035,100.0,0.0,0.0,0.0,0.0,0.0,0.0
11584,0.0,0.0,0.0,0.0,19.310344827586206,0.0,80.6896551724138
27971,0.0,0.0,0.0,0.0,0.0,0.0,100.0
85341,0.0,0.0,0.0,0.0,0.0,0.0,100.0
159071,0.0,0.0,0.0,0.0,0.0,100.0,0.0
77153,0.0,0.0,0.0,0.0,100.0,0.0,0.0
109924,0.0,0.0,0.0,0.0,0.0,0.0,100.0
60776,0.0,0.0,0.0,0.0,0.0,0.0,100.0
77180,0.0,0.0,0.0,0.0,0.0,0.0,100.0
60801,24.242424242424242,0.0,0.0,0.0,72.72727272727273,0.0,3.0303030303030303
167302,100.0,0.0,0.0,0.0,0.0,0.0,0.0
93575,0.0,0.0,0.0,29.166666666666668,0.0,70.83333333333334,0.0
167311,0.0,0.0,0.0,100.0,0.0,0.0,0.0
150935,0.0,0.0,0.0,0.0,10.0,0.0,90.0
93600,0.0,0.0,0.0,0.0,100.0,0.0,0.0
159142,0.0,0.0,0.0,0.0,0.0,100.0,0.0
85412,0.0,0.0,0.0,0.0,91.42857142857143,0.0,8.571428571428571
77224,0.0,0.0,0.0,0.0,0.0,0.0,100.0
52650,100.0,0.0,0.0,0.0,0.0,0.0,0.0
44462,0.0,0.0,0.0,0.0,100.0,0.0,0.0
60847,2.272727272727273,0.0,1.1363636363636365,13.068181818181818,0.0,0.0,83.52272727272727
93628,100.0,0.0,0.0,0.0,0.0,0.0,0.0
101822,0.0,0.0,0.0,0.0,0.0,0.0,100.0
36300,0.0,0.0,0.0,0.0,0.0,100.0,0.0
175590,0.0,0.0,0.0,0.0,30.434782608695656,69.56521739130434,0.0
110063,0.0,0.0,0.0,0.0,0.0,0.0,100.0
44532,0.0,0.0,0.0,0.0,0.0,100.0,0.0
77313,100.0,0.0,0.0,0.0,0.0,0.0,0.0
118281,0.0,0.0,0.0,0.0,30.23255813953488,0.0,69.76744186046511
101902,0.0,0.0,0.0,0.0,0.0,0.0,100.0
77331,0.0,0.0,0.0,0.0,0.0,100.0,0.0
93717,0.0,0.0,0.0,0.0,0.0,0.0,100.0
52758,0.0,0.0,0.0,0.0,0.0,0.0,100.0
85528,0.0,0.0,0.0,0.0,0.0,0.0,100.0
159259,0.0,0.0,0.0,0.0,0.0,0.0,100.0
19999,0.0,0.0,100.0,0.0,0.0,0.0,0.0
142881,0.0,0.0,0.0,0.0,0.0,100.0,0.0
110116,0.0,0.0,0.0,0.0,0.0,0.0,100.0
151077,0.0,0.0,0.0,0.0,0.0,0.0,100.0
52785,0.0,0.0,0.0,0.0,0.0,0.0,100.0
167473,11.931696905016008,0.0,6.424759871931697,0.0,0.021344717182497332,22.689434364994664,58.932764140875136
175670,0.0,0.0,0.0,0.0,0.0,0.0,100.0
151095,0.0,0.0,0.0,0.0,56.060606060606055,25.757575757575758,18.181818181818183
77377,0.0,0.0,0.0,15.625,0.0,0.0,84.375
101957,88.88888888888889,0.0,0.0,0.0,0.0,11.11111111111111,0.0
85582,0.0,0.0,0.0,0.0,0.0,0.0,100.0
151120,0.0,0.0,0.0,0.0,0.0,0.0,100.0
28246,77.27272727272727,0.0,0.0,0.0,0.0,0.0,22.727272727272727
36453,0.0,0.0,0.0,0.0,100.0,0.0,0.0
159339,75.0,0.0,0.0,0.0,0.0,0.0,25.0
93815,100.0,0.0,0.0,0.0,0.0,0.0,0.0
85626,50.0,0.0,50.0,0.0,0.0,0.0,0.0
69250,0.0,0.0,0.0,0.0,0.0,0.0,100.0
102035,0.0,0.0,0.0,0.0,0.0,0.0,100.0
36499,0.0,0.0,0.0,0.0,0.0,0.0,100.0
110232,0.0,0.0,0.0,0.0,0.0,100.0,0.0
159384,50.0,0.0,0.0,0.0,0.0,0.0,50.0
77475,0.0,0.0,0.0,0.0,0.0,100.0,0.0
52909,0.0,0.0,0.0,0.0,0.0,0.0,100.0
85680,0.0,0.0,0.0,0.0,0.0,100.0,0.0
69303,0.0,0.0,100.0,0.0,0.0,0.0,0.0
93888,0.0,0.0,0.0,94.90445859872611,0.0,0.0,5.095541401273886
159437,0.0,0.0,0.0,0.0,0.0,0.0,100.0
159446,0.0,0.0,0.0,0.0,0.0,0.0,100.0
110296,0.0,0.0,0.0,0.0,0.0,0.0,100.0
102106,0.0,0.0,0.0,0.0,0.0,100.0,0.0
93931,0.0,0.0,100.0,0.0,0.0,0.0,0.0
159464,0.0,0.0,0.0,0.0,0.0,0.0,100.0
159482,0.0,0.0,0.0,0.0,0.0,33.33333333333333,66.66666666666666
126718,0.0,0.0,0.0,0.0,0.0,100.0,0.0
85760,25.0,0.0,62.5,0.0,0.0,0.0,12.5
102160,4.545454545454546,0.0,2.272727272727273,0.0,0.0,0.0,93.18181818181817
44818,40.88023698688109,0.0,1.8620397799407533,12.399492170969106,0.0,20.90562843842573,23.952602623783324
167696,0.0,0.0,0.0,0.0,0.0,0.0,100.0
85788,0.0,0.0,0.0,0.0,0.0,0.0,100.0
159525,0.0,0.0,0.0,0.0,0.0,0.0,100.0
93995,0.0,0.0,0.0,0.0,0.0,100.0,0.0
44845,0.0,0.0,10.557184750733137,0.2932551319648094,23.46041055718475,11.436950146627565,54.252199413489734
118575,0.0,0.0,0.0,0.0,0.0,0.0,100.0
151344,0.0,0.0,0.0,0.0,0.0,0.0,100.0
12091,1.5151515151515151,0.0,0.0,0.0,46.96969696969697,0.0,51.515151515151516
175938,0.0,0.0,0.0,0.0,0.0,100.0,0.0
102213,0.0,0.0,0.0,0.0,0.0,0.0,100.0
20297,63.75694016039481,0.0,0.0,0.12338062924120913,1.542257865515114,16.409623689080817,18.167797655768045
53069,0.0,0.0,0.0,0.0,100.0,0.0,0.0
28497,0.0,0.0,0.0,0.0,0.0,0.0,100.0
85840,0.0,0.0,0.0,0.0,0.0,0.0,100.0
20313,0.0,0.0,0.0,0.0,0.0,0.0,100.0
12126,0.0,0.0,0.0,0.0,57.692307692307686,0.0,42.30769230769231
102240,100.0,0.0,0.0,0.0,0.0,0.0,0.0
175983,0.0,0.0,0.0,0.0,0.0,0.0,100.0
135020,0.0,0.0,0.0,0.0,0.0,100.0,0.0
167794,0.0,0.0,0.0,0.0,0.0,0.0,100.0
159614,55.16506922257721,0.0,13.418530351437699,0.0,3.727369542066028,0.10649627263045794,27.582534611288605
61318,0.0,0.0,0.0,0.0,0.0,0.0,100.0
151442,0.0,0.0,0.0,0.0,22.22222222222222,0.0,77.77777777777779
151451,0.0,0.0,0.0,0.0,100.0,0.0,0.0
159650,0.0,0.0,0.0,0.0,100.0,0.0,0.0
85920,0.0,0.0,0.0,0.0,100.0,0.0,0.0
118691,0.0,0.0,0.0,0.0,93.63636363636364,6.363636363636363,0.0
151460,0.0,0.0,0.0,0.0,0.0,100.0,0.0
151479,0.0,0.0,0.0,0.0,0.0,0.0,100.0
20411,0.0,0.0,0.0,0.0,0.0,0.0,100.0
61372,0.0,0.0,0.0,0.0,0.0,42.10526315789473,57.89473684210527
159687,0.0,0.0,0.0,0.0,0.0,0.0,100.0
36809,0.0,0.0,0.0,0.0,56.25,0.0,43.75
45003,10.0,0.0,0.0,0.0,0.0,0.0,90.0
94161,100.0,0.0,0.0,0.0,0.0,0.0,0.0
12242,100.0,0.0,0.0,0.0,0.0,0.0,0.0
118753,0.0,0.0,0.0,0.0,0.0,0.0,100.0
167909,0.0,0.0,0.0,0.0,0.0,0.0,100.0
135146,0.0,0.0,0.0,0.0,0.0,100.0,0.0
159730,0.0,0.0,0.0,0.0,0.0,0.0,100.0
20466,0.0,0.0,0.0,0.0,0.0,0.0,100.0
77812,61.38952164009112,0.0,1.366742596810934,0.0,0.0,0.22779043280182232,37.01594533029613
28665,0.0,0.0,0.0,0.0,0.0,0.0,100.0
159767,0.0,0.0,0.0,0.0,0.0,0.0,100.0
53274,0.0,0.0,0.0,0.0,0.0,0.0,100.0
118824,0.0,0.0,0.0,0.0,0.0,0.0,100.0
127019,0.0,0.0,0.0,0.0,0.0,0.0,100.0
159785,0.0,0.0,0.0,0.0,50.0,0.0,50.0
45101,6.024096385542169,0.0,0.0,0.0,0.0,0.0,93.97590361445783
167981,0.0,0.0,0.0,0.0,0.0,0.0,100.0
135226,0.0,0.0,0.0,0.0,0.0,0.0,100.0
94269,0.0,0.0,0.0,0.0,0.0,100.0,0.0
12368,0.0,0.0,0.0,0.0,0.0,0.0,100.0
20563,6.190476190476191,0.0,0.0,0.0,0.0,27.936507936507937,65.87301587301587
176212,0.0,0.0,20.0,0.0,0.0,0.0,80.0
77910,0.0,0.0,0.0,0.0,0.0,0.0,100.0
143450,50.46511627906977,0.0,0.0664451827242525,0.0,3.421926910299003,12.82392026578073,33.222591362126245
127064,0.0,0.0,0.0,0.0,0.0,0.0,100.0
28763,0.0,0.0,0.0,0.0,0.0,100.0,0.0
94312,0.0,0.0,0.0,0.0,0.0,0.0,100.0
168041,0.0,0.0,0.0,0.0,32.25806451612903,0.0,67.74193548387096
53372,0.0,0.0,0.0,0.0,0.0,0.0,100.0
143487,0.0,0.0,0.0,0.0,0.0,100.0,0.0
151683,3.3057851239669422,0.0,0.0,0.0,0.0,0.0,96.69421487603306
143502,100.0,0.0,0.0,0.0,0.0,0.0,0.0
102543,94.30379746835443,0.0,0.0,0.0,0.0,0.0,5.69620253164557
4240,0.0,0.0,0.0,0.0,0.0,0.0,100.0
28816,0.0,0.0,0.0,0.0,100.0,0.0,0.0
135315,100.0,0.0,0.0,0.0,0.0,0.0,0.0
37011,0.0,0.0,0.0,0.0,0.0,20.0,80.0
110740,0.0,0.0,0.0,0.0,0.0,0.0,100.0
151709,0.0,0.0,0.0,0.0,0.0,0.0,100.0
143520,25.0,0.0,0.0,0.0,0.0,0.0,75.0
102570,59.375,0.0,0.0,0.0,0.0,0.0,40.625
176301,0.0,0.0,0.0,0.0,0.0,0.0,100.0
61620,75.75757575757575,0.0,0.0,0.0,0.0,0.0,24.242424242424242
78016,0.0,0.0,0.0,0.0,0.0,0.0,100.0
127171,0.0,0.0,100.0,0.0,0.0,0.0,0.0
143557,0.0,0.0,0.0,0.0,2.2598870056497176,0.0,97.74011299435028
159945,0.0,0.0,0.0,0.0,0.0,0.0,100.0
102605,94.9685534591195,0.0,0.0,0.0,0.0,0.0,5.031446540880504
12509,0.0,0.0,0.0,0.0,0.0,0.0,100.0
110820,0.0,0.0,0.0,0.0,0.0,0.0,100.0
151790,33.41463414634146,0.0,0.0,1.951219512195122,0.0,2.4390243902439024,62.19512195121951
102641,0.0,0.0,0.0,0.0,0.0,100.0,0.0
53489,0.0,0.0,0.0,0.0,0.0,0.0,100.0
143619,2.9268292682926833,0.0,5.365853658536586,0.0,0.0,6.829268292682928,84.8780487804878
78089,0.0,0.0,0.0,0.0,0.0,0.0,100.0
151816,0.0,0.0,0.0,0.0,35.585585585585584,4.054054054054054,60.36036036036037
69900,2.0408163265306123,0.0,0.07037297677691766,0.7741027445460943,2.251935256861365,2.1111893033075297,92.75158339197748
4366,28.65296803652968,0.0,0.0,0.0,70.4337899543379,0.0,0.91324200913242
127251,0.0,0.0,0.0,0.0,0.0,31.818181818181817,68.18181818181817
151834,0.0,0.0,0.0,0.0,33.33333333333333,66.66666666666666,0.0
143646,100.0,0.0,0.0,0.0,0.0,0.0,0.0
168229,0.0,0.0,0.0,0.0,0.0,0.0,100.0
20778,4.219409282700422,76.79324894514767,0.0,0.0,0.0,0.42194092827004215,18.565400843881857
78141,15.529411764705884,0.0,2.1176470588235294,0.0,0.0,0.7058823529411765,81.64705882352942
151870,6.25,0.0,0.0,0.0,0.0,11.11111111111111,82.63888888888889
176445,0.0,0.0,0.0,0.0,0.0,100.0,0.0
143682,0.0,0.0,0.0,0.0,0.0,0.0,100.0
53577,25.0,0.0,0.0,0.0,75.0,0.0,0.0
69964,42.857142857142854,0.0,0.0,0.0,0.0,0.0,57.14285714285714
20821,0.0,0.0,0.0,1.875,0.0,15.625,82.5
102749,100.0,0.0,0.0,0.0,0.0,0.0,0.0
86366,80.0,0.0,0.0,0.0,0.0,0.0,20.0
12643,0.0,0.0,0.0,0.0,0.0,0.0,100.0
94562,0.0,0.0,0.0,33.33333333333333,0.0,66.66666666666666,0.0
151905,0.0,0.0,0.0,0.0,19.753086419753085,0.0,80.24691358024691
29038,0.0,0.0,0.0,0.0,0.0,0.0,100.0
119153,0.0,0.0,0.0,0.0,0.0,0.0,100.0
94580,0.0,0.0,0.0,0.0,0.0,0.0,100.0
143735,6.779661016949152,0.0,2.5423728813559325,0.0,0.0,31.35593220338983,59.32203389830508
176506,0.0,0.0,0.0,0.0,0.0,0.7407407407407408,99.25925925925925
160127,100.0,0.0,0.0,0.0,0.0,0.0,0.0
4482,0.0,0.0,0.0,0.0,0.0,0.0,100.0
102794,0.0,0.0,0.0,0.0,0.0,0.0,100.0
20876,18.012422360248447,0.0,0.0,0.0,6.211180124223603,0.0,75.77639751552795
12689,0.0,0.0,0.0,0.0,0.0,0.0,100.0
143771,36.84210526315789,0.0,0.0,0.0,0.0,0.0,63.1578947368421
37280,0.0,0.0,0.0,46.15384615384615,0.0,0.0,53.84615384615385
29092,0.0,0.0,0.0,100.0,0.0,0.0,0.0
86438,0.0,0.0,0.0,0.0,18.07909604519774,0.0,81.92090395480226
119206,0.0,0.0,100.0,0.0,0.0,0.0,0.0
151978,0.0,0.0,0.0,36.84210526315789,51.127819548872175,0.0,12.030075187969924
61871,0.0,0.0,0.0,0.0,0.0,100.0,0.0
78258,0.0,0.0,0.0,0.0,32.142857142857146,0.0,67.85714285714286
168372,0.0,0.0,0.0,0.0,0.0,0.0,100.0
45496,0.0,0.0,0.0,0.0,0.0,100.0,0.0
143806,0.0,0.0,0.0,0.0,0.0,0.0,100.0
53700,0.0,0.0,0.0,0.0,0.0,0.0,100.0
119242,0.0,0.0,0.0,0.0,0.0,0.0,100.0
70094,0.0,0.0,0.0,0.0,0.0,0.0,100.0
86487,0.0,0.0,0.0,0.0,0.0,0.0,100.0
70110,42.857142857142854,0.0,0.0,14.285714285714285,28.57142857142857,0.0,14.285714285714285
53728,0.0,0.0,0.0,0.0,0.0,0.0,100.0
29154,0.0,0.0,0.0,0.0,0.0,0.0,100.0
20965,0.0,0.0,0.0,0.0,0.0,0.0,100.0
176613,77.77777777777779,0.0,0.0,0.0,0.0,0.0,22.22222222222222
12778,0.0,0.0,0.0,0.0,0.0,0.0,100.0
78329,0.0,0.0,0.0,0.0,0.0,0.0,100.0
102909,0.0,0.0,0.0,0.0,0.0,0.0,100.0
61951,0.0,0.0,0.0,0.0,60.60606060606061,0.0,39.39393939393939
127493,0.0,0.0,0.0,0.0,0.0,100.0,0.0
168452,0.0,0.0,0.0,0.0,0.0,0.0,100.0
94731,0.0,0.0,0.0,0.0,0.0,0.0,100.0
70174,0.0,0.0,0.0,0.0,0.0,75.0,25.0
102945,100.0,0.0,0.0,0.0,0.0,0.0,0.0
119331,0.0,0.0,0.0,0.0,0.0,0.0,100.0
176686,0.0,0.0,0.0,0.0,0.0,0.0,100.0
45619,0.0,0.0,0.0,0.0,0.0,0.0,100.0
29243,0.0,0.0,0.0,0.0,0.0,100.0,0.0
12876,72.72727272727273,0.0,0.0,0.0,0.0,0.0,27.27272727272727
143959,0.0,0.0,3.278688524590164,0.0,0.0,0.0,96.72131147540983
168559,0.0,0.0,0.0,0.0,0.0,0.0,100.0
152172,0.0,0.0,0.0,0.0,0.0,100.0,0.0
176748,0.0,0.0,0.0,0.0,0.0,25.0,75.0
135789,100.0,0.0,0.0,0.0,0.0,0.0,0.0
12912,0.0,0.0,0.0,0.0,0.0,0.0,100.0
78454,0.0,0.0,0.0,0.0,0.0,0.0,100.0
12920,0.0,0.0,0.0,0.0,0.0,0.0,100.0
160387,0.0,0.0,0.0,0.0,0.0,100.0,0.0
21123,0.0,0.0,0.0,0.0,100.0,0.0,0.0
176793,0.0,0.0,0.0,0.0,0.0,0.0,100.0
29341,0.0,0.0,0.0,0.0,0.0,0.0,100.0
86687,17.823639774859288,0.0,0.0,0.0,0.5628517823639775,0.0,81.61350844277673
111275,0.0,0.0,0.0,0.0,0.0,0.0,100.0
119466,0.0,0.0,0.0,0.0,0.0,0.0,100.0
160430,0.0,0.0,0.0,0.0,0.0,0.0,100.0
70316,0.0,0.0,0.0,0.0,0.0,50.0,50.0
144054,60.909090909090914,0.0,0.0,0.0,0.0,0.0,39.09090909090909
45753,0.0,0.0,0.0,0.0,0.0,0.0,100.0
62137,0.0,0.0,0.0,0.0,0.0,10.714285714285714,89.28571428571429
21196,0.0,0.0,0.0,0.0,0.0,0.0,100.0
78542,0.0,0.0,0.0,0.0,0.0,0.0,100.0
70352,0.0,0.0,0.0,0.0,0.0,56.00000000000001,44.0
29403,0.0,0.0,0.0,0.0,0.0,0.0,100.0
103130,100.0,0.0,0.0,0.0,0.0,0.0,0.0
62191,0.0,0.0,0.0,0.0,89.28571428571429,0.0,10.714285714285714
144116,0.0,0.0,0.0,0.0,0.0,0.0,100.0
45815,0.0,0.0,0.0,0.0,100.0,0.0,0.0
152314,0.0,0.0,100.0,0.0,0.0,0.0,0.0
21249,0.0,0.0,0.0,0.0,0.0,100.0,0.0
78604,0.0,0.0,0.0,0.0,0.0,0.0,100.0
152332,0.0,0.0,0.0,0.0,0.0,100.0,0.0
70414,0.0,0.0,0.0,0.0,0.0,0.0,100.0
135949,0.0,0.0,0.0,0.0,100.0,0.0,0.0
144152,0.0,0.0,0.0,0.0,0.0,0.0,100.0
86810,26.244343891402718,0.0,2.7149321266968327,0.0,0.0,0.0,71.04072398190046
54056,0.0,0.0,0.0,0.0,0.0,0.0,100.0
4927,94.24083769633508,0.0,0.0,0.0,0.0,1.0471204188481675,4.712041884816754
62280,0.0,0.0,0.0,0.0,0.0,0.0,100.0
119625,0.0,0.0,0.0,0.0,0.0,0.0,100.0
29519,0.0,0.0,0.0,0.0,74.07407407407408,0.0,25.925925925925924
95060,8.748221906116644,0.0,2.4893314366998576,0.0,0.5689900426742532,1.991465149359886,86.20199146514936
168791,0.0,0.0,0.0,0.0,0.0,0.0,100.0
152412,0.0,0.0,0.0,100.0,0.0,0.0,0.0
70502,100.0,0.0,0.0,0.0,0.0,0.0,0.0
13169,67.66081871345028,0.0,0.8771929824561403,0.17543859649122806,5.087719298245614,3.508771929824561,22.690058479532162
70520,0.0,0.0,0.0,0.0,0.0,100.0,0.0
111480,0.0,0.0,0.0,0.0,0.0,0.0,100.0
13187,21.939953810623557,0.0,0.0,0.0,0.0,0.0,78.06004618937644
29573,0.0,0.0,0.0,0.0,0.0,0.0,100.0
160644,0.0,0.0,0.0,0.0,0.0,0.0,100.0
62360,0.0,0.0,0.0,0.0,0.0,0.0,100.0
127901,0.0,0.0,0.0,0.0,0.0,100.0,0.0
78748,0.0,0.0,0.0,0.0,0.0,0.0,100.0
136107,0.0,0.0,0.0,0.0,0.0,0.0,100.0
119723,0.0,0.0,0.0,0.0,0.0,0.0,100.0
144303,0.0,0.0,0.0,0.0,0.0,0.0,100.0
168880,0.0,0.0,0.0,0.0,0.0,0.0,100.0
95159,0.0,0.0,0.0,0.0,0.0,13.333333333333334,86.66666666666667
152500,0.0,0.0,0.0,100.0,0.0,0.0,0.0
86990,3.543307086614173,0.0,0.39370078740157477,0.0,0.0,0.0,96.06299212598425
160724,0.0,0.0,0.0,0.0,0.0,0.0,100.0
13276,0.0,0.0,0.0,0.0,68.0,0.0,32.0
62440,0.0,0.0,0.0,0.0,0.0,18.0327868852459,81.9672131147541
70637,0.0,0.0,0.0,0.0,0.0,0.0,100.0
78828,0.0,0.0,0.0,0.0,0.0,0.0,100.0
127983,0.0,0.0,0.0,0.0,0.0,0.0,100.0
13301,0.0,0.0,0.0,0.0,0.0,0.0,100.0
54270,0.0,0.0,0.0,0.0,0.0,0.0,100.0
21506,0.0,0.0,0.0,0.0,0.0,0.0,100.0
95239,0.0,0.0,0.0,0.0,0.0,0.0,100.0
87059,0.0,0.0,0.0,0.0,0.0,0.0,100.0
103443,0.0,0.0,0.0,0.0,0.0,100.0,0.0
87077,0.0,0.0,0.0,0.0,0.0,0.0,100.0
136241,0.0,0.0,0.0,0.0,0.0,0.0,100.0
13365,8.4375,0.0,45.3125,0.0,0.0,1.5625,44.6875
21560,0.0,0.0,0.0,0.0,0.0,0.0,100.0
95293,22.5,0.0,0.0,0.0,0.0,0.0,77.5
160831,0.0,0.0,0.0,0.0,0.0,100.0,0.0
29760,0.0,100.0,0.0,0.0,0.0,0.0,0.0
136269,100.0,0.0,0.0,0.0,0.0,0.0,0.0
13392,84.03908794788273,0.0,0.0,0.0,0.0,0.0,15.960912052117262
177236,0.0,0.0,0.0,0.0,0.0,100.0,0.0
70744,0.0,0.0,0.0,0.0,0.0,0.0,100.0
5210,0.0,0.0,0.0,0.0,100.0,0.0,0.0
54387,0.0,0.0,0.0,0.0,0.0,0.0,100.0
29813,0.0,0.0,0.0,0.0,0.0,0.0,100.0
95355,50.0,0.0,0.0,0.0,0.0,0.0,50.0
87175,0.0,0.0,0.0,0.0,0.0,22.807017543859647,77.19298245614034
79004,0.0,0.0,0.0,0.0,0.0,0.0,100.0
95391,85.17397881996975,0.0,0.0,0.0,0.0,2.4205748865355523,12.405446293494705
111783,0.0,0.0,0.0,0.0,0.0,100.0,0.0
144553,100.0,0.0,0.0,0.0,0.0,0.0,0.0
38063,0.0,0.0,0.0,0.0,25.454545454545453,70.9090909090909,3.6363636363636362
13490,7.8125,0.0,0.625,0.0,9.6875,0.0,81.875
87219,14.285714285714285,0.0,0.0,0.0,0.0,0.0,85.71428571428571
152760,0.0,0.0,0.0,0.0,15.789473684210526,0.0,84.21052631578947
5309,0.0,0.0,0.0,0.0,0.0,0.0,100.0
177352,0.0,0.0,0.0,0.0,0.0,0.0,100.0
29902,0.0,0.0,6.666666666666667,0.0,0.0,0.0,93.33333333333333
62672,0.0,0.0,0.0,0.0,0.0,0.0,100.0
13524,0.0,0.0,100.0,0.0,0.0,0.0,0.0
5336,0.0,0.0,0.0,0.0,0.0,0.0,100.0
46313,0.0,0.0,0.0,0.0,0.0,0.0,100.0
95471,3.0927835051546393,0.0,0.0,1.0309278350515463,0.0,0.0,95.87628865979381
87291,33.91812865497076,0.0,0.0,0.0,0.0,0.0,66.08187134502924
29948,0.0,0.0,0.0,0.0,0.0,0.0,100.0
161035,0.0,0.0,0.0,0.0,0.0,0.0,100.0
38161,0.0,0.0,0.0,0.0,0.0,100.0,0.0
136483,61.49193548387096,0.0,0.13440860215053765,1.0080645161290323,4.099462365591398,1.2768817204301075,31.989247311827956
111916,0.0,0.0,0.0,0.0,0.0,0.0,100.0
13622,0.0,0.0,19.32367149758454,0.0,0.966183574879227,0.0,79.71014492753623
30014,0.0,0.0,0.0,0.0,0.0,100.0,0.0
87362,0.0,0.0,0.0,0.0,0.0,0.0,100.0
152902,0.0,0.0,0.0,2.7777777777777777,0.0,44.44444444444444,52.77777777777778
144713,0.0,0.0,0.0,0.0,0.0,0.0,100.0
136526,8.507462686567164,0.0,0.1492537313432836,41.7910447761194,0.44776119402985076,6.4179104477611935,42.68656716417911
161106,0.0,0.0,0.0,0.0,0.0,100.0,0.0
169306,0.0,0.0,0.0,0.0,0.0,0.0,100.0
144731,0.0,0.0,100.0,0.0,0.0,0.0,0.0
21855,0.0,0.0,0.0,0.0,0.0,100.0,0.0
13668,2.5691699604743086,0.0,0.0,0.0,97.4308300395257,0.0,0.0
136553,0.0,0.0,0.0,0.0,0.0,100.0,0.0
30069,0.0,0.0,0.0,0.0,0.0,0.0,100.0
128374,20.0,0.0,0.0,0.0,0.0,0.0,80.0
87424,0.0,0.0,0.0,0.0,0.0,0.0,100.0
136599,3.4482758620689653,0.0,6.896551724137931,0.0,0.0,10.344827586206897,79.3103448275862
144795,0.0,0.0,0.0,0.0,0.0,0.0,100.0
161179,0.0,0.0,0.0,0.0,100.0,0.0,0.0
54699,0.0,0.0,0.0,0.0,100.0,0.0,0.0
62903,0.0,0.0,0.0,0.0,0.0,0.0,100.0
13757,1.0752688172043012,0.0,41.935483870967744,0.0,0.0,0.5376344086021506,56.451612903225815
136642,4.0,0.0,0.0,0.0,0.0,20.0,76.0
30149,0.0,0.0,0.0,0.0,0.0,100.0,0.0
79308,0.0,0.0,0.0,0.0,0.0,0.0,100.0
71126,0.0,0.0,0.0,0.0,0.0,100.0,0.0
103899,0.0,0.0,100.0,0.0,0.0,0.0,0.0
13819,0.0,0.0,0.0,0.0,0.0,0.0,100.0
95747,0.0,0.0,0.0,0.0,0.0,0.0,100.0
161286,0.0,0.0,0.0,0.0,37.5,0.0,62.5
136713,0.0,0.0,100.0,0.0,0.0,0.0,0.0
128524,0.0,0.0,0.0,0.0,0.0,0.0,100.0
161302,0.0,0.0,0.0,0.0,3.7037037037037033,96.29629629629629,0.0
87576,0.0,71.9047619047619,0.0,0.0,0.0,0.0,28.095238095238095
144928,0.0,0.0,100.0,0.0,0.0,0.0,0.0
128560,0.0,0.0,0.0,0.0,0.0,100.0,0.0
120370,0.0,0.0,0.0,0.0,0.0,0.0,100.0
30274,0.0,0.0,0.0,0.0,0.0,100.0,0.0
5700,0.0,0.0,0.0,0.0,0.0,100.0,0.0
161348,38.46153846153847,0.0,0.0,0.0,61.53846153846154,0.0,0.0
128588,0.0,0.0,0.0,0.0,0.0,100.0,0.0
87638,30.864197530864196,0.0,0.0,0.0,0.0,27.160493827160494,41.9753086419753
38492,0.0,0.0,0.0,0.0,100.0,0.0,0.0
71260,0.0,0.0,0.0,0.0,0.0,0.0,100.0
161384,0.0,0.0,0.0,0.0,58.333333333333336,41.66666666666667,0.0
87665,0.0,0.0,11.278195488721805,0.0,0.0,0.0,88.7218045112782
95872,0.0,0.0,0.0,0.0,0.0,4.761904761904762,95.23809523809523
136848,0.0,0.0,100.0,0.0,0.0,0.0,0.0
63125,0.0,0.0,0.0,0.0,0.0,0.0,100.0
22166,0.0,0.0,0.0,0.0,0.0,0.0,100.0
120478,100.0,0.0,0.0,0.0,0.0,0.0,0.0
120487,0.0,0.0,0.0,0.0,0.0,80.0,20.0
71340,0.0,0.0,0.0,0.0,0.0,0.0,100.0
63152,93.06930693069307,0.0,0.0,0.0,0.0,6.683168316831684,0.24752475247524752
177842,0.0,0.0,0.0,0.0,0.0,16.666666666666664,83.33333333333334
46769,0.0,0.0,100.0,0.0,0.0,0.0,0.0
54975,10.608020698576972,0.38809831824062097,7.147477360931435,0.0646830530401035,23.02716688227684,2.263906856403622,56.5006468305304
87745,0.0,0.0,0.0,0.0,84.375,0.0,15.625
63170,0.0,0.0,0.0,0.0,100.0,0.0,0.0
95943,0.0,0.0,0.0,0.0,0.0,100.0,0.0
128711,66.92913385826772,0.0,0.0,0.0,0.0,2.3622047244094486,30.708661417322837
161482,100.0,0.0,0.0,0.0,0.0,0.0,0.0
104136,7.373271889400922,0.0,0.0,0.0,5.0691244239631335,0.0,87.55760368663594
30416,0.0,0.0,0.0,0.0,0.0,0.0,100.0
145104,0.0,0.0,0.0,0.0,0.0,0.0,100.0
46803,0.0,0.0,0.0,0.0,0.0,0.0,100.0
169681,0.0,0.0,0.0,0.0,0.0,0.0,100.0
63189,0.0,0.0,0.0,0.0,0.0,50.0,50.0
136919,0.0,0.0,0.0,0.0,0.0,0.0,100.0
55008,1.1450381679389312,0.0,13.740458015267176,0.0,19.083969465648856,13.358778625954198,52.67175572519084
153339,0.0,0.0,0.0,0.0,0.0,100.0,0.0
14085,0.0,0.0,0.0,0.0,100.0,0.0,0.0
46867,0.0,0.0,100.0,0.0,0.0,0.0,0.0
46910,0.0,0.0,0.0,0.0,100.0,0.0,0.0
63294,0.0,0.0,0.0,0.0,0.0,0.0,100.0
137032,0.0,0.0,0.0,0.0,0.0,0.0,100.0
38731,0.0,0.0,0.0,0.0,0.0,0.0,100.0
112469,0.0,0.0,0.0,0.0,0.0,0.0,100.0
14165,0.0,0.0,0.0,0.0,0.0,100.0,0.0
128864,0.0,0.0,0.0,0.0,0.0,100.0,0.0
30568,0.0,0.0,0.0,0.0,0.0,0.0,100.0
96110,0.0,0.0,0.0,0.0,0.0,100.0,0.0
137069,0.0,0.0,0.0,0.0,0.0,0.0,100.0
79736,0.0,0.0,100.0,0.0,0.0,0.0,0.0
153473,0.0,0.0,0.0,0.0,0.0,98.95833333333334,1.0416666666666665
145293,100.0,0.0,0.0,0.0,0.0,0.0,0.0
120726,3.172978505629478,0.0,0.1023541453428864,0.0,19.037871033776867,2.3541453428863868,75.33265097236438
6048,0.0,0.0,0.0,0.0,0.0,0.0,100.0
153507,0.0,0.0,0.0,0.0,20.0,80.0,0.0
63394,12.47216035634744,0.0,0.0,0.0,39.198218262806236,5.56792873051225,42.761692650334076
30648,0.0,0.0,0.0,0.0,0.0,0.0,100.0
87996,0.0,0.0,0.0,0.0,0.0,0.0,100.0
14272,0.0,0.0,0.0,0.0,0.0,0.0,100.0
38848,0.0,0.0,0.0,0.0,0.0,0.0,100.0
96192,0.0,0.0,0.0,0.0,0.0,100.0,0.0
120771,82.91139240506328,0.0,1.2658227848101267,0.0,0.0,0.0,15.822784810126583
71634,0.0,0.0,0.0,100.0,0.0,0.0,0.0
63447,6.598984771573605,0.0,1.015228426395939,0.0,79.18781725888326,0.0,13.19796954314721
112600,0.0,0.0,0.0,0.0,0.0,100.0,0.0
55259,0.5208333333333333,0.0,0.0,0.0,0.0,2.604166666666667,96.875
153561,0.0,0.0,0.0,0.0,0.0,0.0,100.0
137185,0.0,0.0,0.0,0.0,0.0,100.0,0.0
55277,99.61977186311786,0.0,0.0,0.0,0.0,0.0,0.38022813688212925
120824,43.90243902439025,0.0,0.0,14.634146341463413,0.0,0.0,41.46341463414634
30719,0.0,0.0,0.0,0.0,0.0,0.0,100.0
96254,0.0,0.0,0.0,0.0,0.0,0.0,100.0
161794,10.612244897959183,0.0,0.0,48.97959183673469,13.061224489795919,0.8163265306122449,26.53061224489796
145408,0.0,0.0,0.0,0.0,100.0,0.0,0.0
178180,0.0,0.0,0.0,0.0,0.0,100.0,0.0
153605,0.0,0.0,0.0,100.0,0.0,0.0,0.0
137229,0.0,0.0,0.0,0.0,0.0,0.0,100.0
71698,0.0,0.0,0.0,0.0,0.0,100.0,0.0
120860,0.0,0.0,0.0,0.0,0.0,28.635346756152124,71.36465324384787
63526,0.0,0.0,3.571428571428571,0.0,71.42857142857143,0.0,25.0
161829,62.365591397849464,0.0,0.0,0.0,0.0,0.0,37.634408602150536
137274,0.0,0.0,0.0,0.0,0.0,0.0,100.0
120888,0.0,0.0,0.0,0.0,0.0,1.639344262295082,98.36065573770492
55357,0.0,0.0,0.0,2.2123893805309733,0.0,0.0,97.78761061946902
63553,0.0,0.0,0.0,0.0,0.0,0.0,100.0
161856,0.0,0.0,0.0,0.0,0.0,100.0,0.0
38982,0.0,0.0,0.0,0.0,0.0,100.0,0.0
6217,0.0,0.0,0.0,0.0,0.0,0.0,100.0
129111,0.0,0.0,0.0,0.0,0.0,100.0,0.0
55384,32.773109243697476,0.0,0.0,0.0,0.0,0.0,67.22689075630252
120922,0.0,0.0,0.0,0.0,0.0,100.0,0.0
63580,66.66666666666666,0.0,0.0,0.0,0.0,0.0,33.33333333333333
104546,0.0,0.0,0.0,0.0,0.0,0.0,100.0
178279,0.0,0.0,0.0,0.0,0.0,0.0,100.0
30844,0.0,0.0,0.0,0.0,0.0,0.0,100.0
120968,0.0,0.0,0.0,0.0,0.0,0.0,100.0
39051,100.0,0.0,0.0,0.0,0.0,0.0,0.0
63633,0.0,0.0,0.0,0.0,79.06976744186046,0.0,20.930232558139537
55446,29.78723404255319,0.0,2.127659574468085,0.0,0.0,0.0,68.08510638297872
30871,0.0,0.0,0.0,0.0,100.0,0.0,0.0
161945,24.054758800521512,1.1734028683181226,2.5423728813559325,9.973924380704041,8.670143415906127,41.720990873533246,11.864406779661017
55473,0.0,0.0,0.0,0.0,100.0,0.0,0.0
137407,0.0,0.0,0.0,0.0,0.0,0.0,100.0
30915,0.0,0.0,0.0,0.0,0.0,0.0,100.0
63688,21.21212121212121,0.0,0.0,0.0,0.0,0.0,78.78787878787878
178377,100.0,0.0,0.0,0.0,0.0,0.0,0.0
162014,0.0,0.0,0.0,0.0,0.0,100.0,0.0
121055,9.424083769633508,0.0,1.5706806282722512,0.0,28.272251308900525,0.0,60.73298429319372
71910,0.0,0.0,0.0,0.0,0.0,100.0,0.0
153829,0.0,0.0,0.0,0.0,100.0,0.0,0.0
63740,10.989010989010989,0.0,17.582417582417584,0.0,1.098901098901099,0.0,70.32967032967034
22781,0.0,0.0,0.0,0.0,0.0,9.090909090909092,90.9090909090909
145667,0.0,0.0,0.0,0.0,0.0,23.076923076923077,76.92307692307693
30988,0.0,0.0,0.0,0.0,0.0,23.52941176470588,76.47058823529412
47373,0.0,0.0,0.0,0.0,0.0,4.395604395604396,95.6043956043956
71956,0.0,0.0,0.0,0.0,0.0,0.0,100.0
121108,0.0,0.0,0.0,0.0,0.0,0.0,100.0
63777,0.0,0.0,0.0,0.0,0.0,0.0,100.0
137504,0.0,0.0,0.0,0.0,15.789473684210526,0.0,84.21052631578947
31011,0.0,0.0,84.21052631578947,0.0,0.0,0.0,15.789473684210526
129317,0.0,0.0,0.0,0.0,0.0,0.0,100.0
22834,0.0,0.0,0.0,0.0,0.0,100.0,0.0
63802,0.0,0.0,0.0,0.0,100.0,0.0,0.0
6468,0.0,0.0,0.0,0.0,0.0,0.0,100.0
72007,0.0,0.0,0.0,2.941176470588235,0.0,64.70588235294117,32.35294117647059
104788,100.0,0.0,0.0,0.0,0.0,0.0,0.0
39266,0.0,0.0,0.0,0.0,0.0,100.0,0.0
145765,0.0,0.0,0.0,0.0,0.0,0.0,100.0
162149,0.0,0.0,0.0,0.0,0.0,100.0,0.0
22898,0.0,0.0,0.0,0.0,0.0,0.0,100.0
104831,0.0,0.0,0.0,0.0,0.0,0.0,100.0
88449,0.0,0.0,0.0,0.0,0.0,0.0,100.0
145792,0.0,0.0,0.0,0.0,5.128205128205128,0.0,94.87179487179486
55687,43.08755760368664,0.0,0.0,0.0,16.82027649769585,0.0,40.09216589861751
63893,0.0,0.0,0.0,0.0,0.0,4.545454545454546,95.45454545454545
31128,0.0,0.0,0.0,0.0,0.0,2.4390243902439024,97.5609756097561
121242,0.0,0.0,100.0,0.0,0.0,0.0,0.0
80285,0.0,0.0,0.0,0.0,0.0,0.0,100.0
39328,0.0,0.0,0.0,0.0,100.0,0.0,0.0
14753,0.0,0.0,0.0,0.0,100.0,0.0,0.0
145827,4.6875,0.0,0.0,0.0,0.0,0.0,95.3125
72098,0.0,0.0,0.0,0.0,0.0,100.0,0.0
6592,0.0,0.0,0.0,0.0,100.0,0.0,0.0
137675,0.0,0.0,0.0,0.0,0.0,0.0,100.0
55776,0.0,0.0,0.0,0.0,0.0,0.0,100.0
6627,0.0,0.0,0.0,0.0,0.0,0.0,100.0
137728,100.0,0.0,0.0,0.0,0.0,0.0,0.0
145934,0.0,0.0,0.0,0.0,0.0,0.0,100.0
137746,0.0,0.0,0.0,0.0,0.0,0.0,100.0
162327,0.0,0.0,0.0,100.0,0.0,0.0,0.0
72221,0.0,0.0,0.0,0.0,0.0,100.0,0.0
31262,0.0,0.0,0.0,0.0,0.0,0.0,100.0
55838,0.0,0.0,0.0,0.0,65.21739130434783,0.0,34.78260869565217
137764,0.0,0.0,0.0,0.0,0.0,0.0,100.0
64041,24.0,0.0,0.0,0.0,0.0,0.0,76.0
154166,0.0,0.0,0.0,0.0,100.0,0.0,0.0
105026,0.0,0.0,0.0,0.0,0.0,100.0,0.0
145998,0.0,0.0,0.0,0.0,0.0,0.0,100.0
14940,0.0,0.0,0.0,0.0,0.0,100.0,0.0
129629,0.0,0.0,0.0,0.0,0.0,0.0,100.0
146012,0.0,0.0,0.0,0.0,0.0,0.0,100.0
31333,0.0,0.0,0.0,0.0,0.0,0.0,100.0
6761,0.0,0.0,0.0,0.0,0.0,0.0,100.0
137844,0.0,0.0,0.0,0.0,0.0,0.0,100.0
129656,0.0,0.0,0.0,0.0,0.0,100.0,0.0
80506,0.0,0.0,0.0,0.0,0.0,0.0,100.0
64130,0.0,0.0,0.0,0.0,0.0,0.0,100.0
178821,0.0,0.0,0.0,0.0,0.0,81.81818181818183,18.181818181818183
47774,0.0,0.0,0.0,0.0,100.0,0.0,0.0
137899,0.0,0.0,100.0,0.0,0.0,0.0,0.0
80560,0.0,0.0,0.0,0.0,0.0,0.0,100.0
105142,0.0,0.0,100.0,0.0,0.0,0.0,0.0
64194,0.0,0.0,0.0,0.0,0.0,0.0,100.0
105160,20.0,0.0,20.0,0.0,0.0,40.0,20.0
178901,0.0,0.0,0.0,0.0,0.0,0.0,100.0
15064,0.0,0.0,0.0,0.0,0.0,100.0,0.0
72409,0.0,0.0,0.0,0.0,0.0,0.0,100.0
129763,0.0,0.0,0.0,0.0,0.0,0.0,100.0
64238,0.0,0.0,0.0,0.0,0.0,0.0,100.0
178929,0.0,0.0,0.0,0.0,0.0,100.0,0.0
178938,0.0,0.0,0.0,0.0,0.0,100.0,0.0
15108,0.0,0.0,0.0,0.0,0.0,27.586206896551722,72.41379310344827
6930,0.0,0.0,0.0,0.0,0.0,100.0,0.0
31510,0.0,0.0,0.0,0.0,0.0,0.0,100.0
80677,0.0,0.0,0.0,0.0,0.0,0.0,100.0
97063,0.0,0.0,0.0,0.0,0.0,100.0,0.0
170792,0.0,0.0,0.0,0.0,0.0,100.0,0.0
47916,83.33333333333334,0.0,0.0,0.0,0.0,0.0,16.666666666666664
121652,0.0,0.0,0.0,0.0,0.0,0.0,100.0
138039,0.0,0.0,0.0,0.0,0.0,0.0,100.0
39738,0.0,0.0,0.0,0.0,100.0,0.0,0.0
64318,0.0,0.0,0.0,0.0,0.0,0.0,100.0
146263,12.740213523131672,0.0,0.0,0.0,61.35231316725979,6.192170818505338,19.715302491103202
64345,41.66666666666667,0.0,0.0,0.0,58.333333333333336,0.0,0.0
23387,0.0,0.0,0.0,0.0,0.0,0.0,100.0
154460,0.0,100.0,0.0,0.0,0.0,0.0,0.0
129898,0.0,0.0,0.0,0.0,0.0,0.0,100.0
146281,0.0,0.0,0.0,0.0,0.0,0.0,100.0
39792,0.0,0.0,0.0,0.0,95.0413223140496,0.0,4.958677685950414
129914,0.0,0.0,0.0,0.0,0.0,0.0,100.0
154497,0.0,0.0,0.0,100.0,0.0,0.0,0.0
121732,16.666666666666664,0.0,0.0,0.0,0.0,0.0,83.33333333333334
56210,0.0,0.0,0.0,0.0,11.11111111111111,0.0,88.88888888888889
39836,0.0,0.0,0.0,0.0,0.0,100.0,0.0
31654,0.0,0.0,0.0,0.0,0.0,0.0,100.0
64425,0.0,0.0,0.0,0.0,34.61538461538461,15.384615384615385,50.0
138164,0.0,0.0,0.0,0.0,0.0,0.0,100.0
7099,85.8267716535433,0.0,0.0,0.0,0.0,0.0,14.173228346456693
179132,22.178761651131822,2.929427430093209,11.617842876165113,3.5952063914780292,5.226364846870839,5.500998668442078,48.951398135818906
72640,0.0,0.0,0.0,0.0,0.0,30.76923076923077,69.23076923076923
23494,0.0,0.0,0.0,0.0,0.0,100.0,0.0
113607,0.0,0.0,0.0,0.0,0.0,0.0,100.0
105419,0.0,0.0,0.0,0.0,0.0,0.0,100.0
170952,0.0,0.0,0.0,0.0,100.0,0.0,0.0
64461,100.0,0.0,0.0,0.0,0.0,0.0,0.0
154585,0.0,0.0,0.0,0.0,0.0,0.0,100.0
31716,0.0,0.0,0.0,0.0,0.0,16.666666666666664,83.33333333333334
130026,0.0,0.0,0.0,0.0,0.0,100.0,0.0
146432,46.82080924855491,0.0,1.1560693641618496,0.0,49.71098265895954,2.312138728323699,0.0
48138,0.0,0.0,0.0,0.0,100.0,0.0,0.0
80908,0.0,0.0,0.0,0.0,0.0,0.0,100.0
171021,0.0,0.0,0.0,0.0,0.0,0.0,100.0
179221,0.4815409309791332,0.0,1.7656500802568218,0.0,0.0,14.92776886035313,82.8250401284109
39967,0.0,0.0,0.0,0.0,0.0,0.0,100.0
97321,0.0,0.0,0.0,0.0,0.0,100.0,0.0
15402,0.0,0.0,100.0,0.0,0.0,0.0,0.0
138280,0.0,0.0,38.46153846153847,0.0,61.53846153846154,0.0,0.0
179249,4.545454545454546,0.0,4.545454545454546,0.0,0.0,0.0,90.9090909090909
171067,0.0,0.0,0.0,0.0,0.0,0.0,100.0
89151,0.0,0.0,0.0,0.0,0.0,0.0,100.0
105534,0.0,0.0,0.0,0.0,0.0,0.0,100.0
146502,8.794788273615636,0.0,0.6514657980456027,0.0,73.61563517915309,0.0,16.938110749185668
130124,0.0,0.0,0.0,0.0,0.0,100.0,0.0
121938,0.0,0.0,0.0,0.0,0.0,100.0,0.0
179285,50.33557046979866,0.0,0.0,0.0,0.0,29.30648769574944,20.3579418344519
64602,0.0,0.0,0.0,0.0,0.0,100.0,0.0
105570,68.13996316758748,0.0,0.0,26.887661141804784,0.0,4.6040515653775325,0.3683241252302026
56425,0.0,0.0,0.0,0.0,0.0,0.0,100.0
146539,28.09917355371901,0.0,0.0,0.0,0.0,0.0,71.900826446281
179310,0.0,0.0,84.61538461538461,0.0,0.0,0.0,15.384615384615385
138351,0.0,0.0,0.0,0.0,0.0,0.0,100.0
64639,0.0,0.0,0.0,0.0,0.0,0.0,100.0
105605,0.0,0.0,0.0,0.0,0.0,100.0,0.0
56461,0.0,0.0,0.0,0.0,0.0,0.0,100.0
179347,60.526315789473685,0.0,39.473684210526315,0.0,0.0,0.0,0.0
146584,58.42105263157895,0.0,0.0,0.0,14.736842105263156,0.0,26.842105263157894
23715,93.10344827586206,0.0,0.0,0.0,0.0,6.896551724137931,0.0
7348,0.0,0.0,0.0,0.0,25.0,0.0,75.0
179383,46.15384615384615,0.0,0.0,0.0,0.0,0.0,53.84615384615385
163002,0.0,0.0,0.0,0.0,0.0,0.0,100.0
138431,0.0,0.0,0.0,0.0,0.0,0.0,100.0
48325,0.0,0.0,0.0,0.0,0.0,0.0,100.0
146628,66.31205673758865,0.0,0.0,0.0,0.0,0.0,33.687943262411345
122061,0.0,0.0,0.0,0.0,0.0,0.0,100.0
154834,0.0,0.0,0.0,100.0,0.0,0.0,0.0
179409,0.0,0.0,2.380952380952381,0.0,0.0,0.0,97.61904761904762
7384,100.0,0.0,0.0,0.0,0.0,0.0,0.0
146655,0.0,0.0,0.0,0.0,100.0,0.0,0.0
72926,0.0,0.0,0.0,0.0,0.0,0.0,100.0
31976,0.0,0.0,0.0,0.0,0.0,9.30232558139535,90.69767441860465
23797,0.0,0.0,0.0,0.0,0.0,0.0,100.0
56568,0.0,0.0,100.0,0.0,0.0,0.0,0.0
64773,0.0,0.0,0.0,0.0,0.0,100.0,0.0
179463,100.0,0.0,0.0,0.0,0.0,0.0,0.0
40198,20.700152207001523,0.0,0.228310502283105,0.076103500761035,14.535768645357686,0.076103500761035,64.38356164383562
113929,0.0,0.0,0.0,0.0,0.0,0.0,100.0
130320,0.0,0.0,0.0,0.0,0.0,100.0,0.0
122132,0.0,0.0,0.0,0.0,0.0,0.0,100.0
40214,0.0,0.0,0.0,0.0,0.0,0.0,100.0
32027,0.0,0.0,0.0,0.0,0.0,0.0,100.0
179481,50.0,0.0,0.0,0.0,0.0,0.0,50.0
81184,0.0,0.0,0.0,0.0,0.0,0.0,100.0
40241,85.59322033898306,0.0,0.0,0.0,0.0,0.0,14.40677966101695
179515,0.45871559633027525,0.0,3.9449541284403673,0.0,0.0,85.5045871559633,10.091743119266056
64826,0.0,0.0,0.0,0.0,0.0,0.0,100.0
146744,0.0,0.0,0.0,0.0,62.37623762376238,0.0,37.62376237623762
130366,0.0,0.0,0.0,0.0,0.0,100.0,0.0
171325,100.0,0.0,0.0,0.0,0.0,0.0,0.0
163137,0.0,0.0,0.0,0.0,0.0,100.0,0.0
73031,0.0,0.0,0.0,0.0,0.0,32.432432432432435,67.56756756756756
97606,0.0,0.0,0.0,0.0,0.0,0.0,100.0
138574,0.0,0.0,0.0,0.0,0.0,100.0,0.0
179533,1.3054830287206265,0.0,0.0,0.0,0.39164490861618795,0.39164490861618795,97.911227154047
40278,27.848101265822784,0.0,1.89873417721519,0.0,0.0,0.0,70.25316455696202
179551,0.0,0.0,2.112676056338028,0.0,8.450704225352112,20.422535211267608,69.01408450704226
48487,0.0,0.0,0.0,0.0,0.0,0.0,100.0
73068,0.0,0.0,0.0,0.0,0.0,0.0,100.0
146799,0.0,0.0,0.0,0.0,0.0,0.0,100.0
40303,0.0,0.0,0.0,0.0,0.0,0.0,100.0
81264,0.0,0.0,0.0,0.0,0.0,0.0,100.0
138618,0.0,0.0,0.0,0.0,0.0,0.0,100.0
122249,0.0,0.0,0.0,0.0,0.0,0.0,100.0
97679,0.0,0.0,0.0,0.0,91.30434782608695,0.0,8.695652173913043
73102,0.0,0.0,0.0,0.0,0.0,100.0,0.0
32153,0.0,0.0,0.0,0.0,0.0,0.0,100.0
32161,0.0,0.0,0.0,0.0,0.0,0.0,100.0
179622,0.0,0.0,0.0,0.0,0.0,0.0,100.0
138663,0.0,0.0,0.0,0.0,0.0,51.02040816326531,48.97959183673469
23975,0.0,0.0,0.0,0.0,0.0,0.0,100.0
48557,100.0,0.0,0.0,0.0,0.0,0.0,0.0
64942,83.33333333333334,0.0,0.0,0.0,0.0,16.666666666666664,0.0
146860,0.0,0.0,0.0,0.0,0.0,0.0,100.0
40367,0.0,0.0,0.0,0.0,0.0,0.0,100.0
163253,0.0,0.0,0.0,0.0,0.0,100.0,0.0
32195,0.0,0.0,0.0,0.0,0.0,51.06382978723404,48.93617021276596
40394,0.0,0.0,0.0,0.0,44.827586206896555,55.172413793103445,0.0
15830,0.0,0.0,0.0,0.0,0.0,0.0,100.0
146904,0.0,0.0,0.0,0.0,0.0,100.0,0.0
179677,0.0,0.0,0.0,0.0,0.0,0.0,100.0
130534,10.20979020979021,0.0,0.8391608391608392,1.8181818181818181,3.6363636363636362,11.048951048951048,72.44755244755244
155109,0.0,0.0,0.0,0.0,0.0,100.0,0.0
122347,0.0,0.0,0.0,0.0,0.0,0.0,100.0
146931,10.526315789473683,0.0,0.0,0.0,63.1578947368421,26.31578947368421,0.0
105972,0.0,0.0,0.0,0.0,0.0,0.0,100.0
40438,84.30034129692832,0.0,0.3412969283276451,0.0,0.0,0.0,15.358361774744028
130552,30.76923076923077,0.0,0.0,0.0,0.0,0.0,69.23076923076923
81415,0.0,0.0,0.0,0.0,0.0,0.0,100.0
40465,0.0,0.0,0.0,0.0,0.0,0.0,100.0
171539,0.0,0.0,0.0,0.0,0.0,0.0,100.0
65048,0.0,0.0,0.0,0.0,0.0,0.0,100.0
24089,0.0,0.0,0.0,0.0,0.0,0.0,100.0
48682,0.0,0.0,0.0,0.0,0.0,0.0,100.0
40492,0.7299270072992701,0.0,0.0,0.0,6.569343065693431,16.05839416058394,76.64233576642336
40526,92.85714285714286,0.0,0.0,0.0,0.0,0.0,7.142857142857142
97875,0.0,0.0,0.0,0.0,0.0,100.0,0.0
65113,0.0,0.0,0.0,0.0,2.083333333333333,97.91666666666666,0.0
122463,0.0,0.0,0.0,0.0,0.0,100.0,0.0
147036,70.0,0.0,0.0,0.0,0.0,0.0,30.0
48744,100.0,0.0,0.0,0.0,0.0,0.0,0.0
155243,62.28610540725531,0.0,0.2737850787132101,0.9582477754962354,2.121834360027379,0.37645448323066394,33.983572895277206
15983,0.0,0.0,0.0,0.0,0.0,100.0,0.0
130678,0.0,0.0,0.0,0.0,0.0,0.0,100.0
24187,0.0,0.0,0.0,0.0,0.0,100.0,0.0
97919,0.0,0.0,0.0,0.0,0.0,0.0,100.0
155261,50.495049504950494,0.0,0.49504950495049505,0.0,0.0,0.0,49.00990099009901
7810,0.0,0.0,0.0,0.0,0.0,16.666666666666664,83.33333333333334
147072,0.0,0.0,0.0,0.0,100.0,0.0,0.0
48771,0.0,0.0,0.0,0.0,0.0,100.0,0.0
179846,0.0,0.0,0.0,0.0,0.0,0.0,100.0
32394,36.7854183927092,0.0,0.0,0.0,27.506213753106877,0.0,35.708367854183926
114319,48.886138613861384,0.0,0.18564356435643564,0.0,18.13118811881188,0.49504950495049505,32.301980198019805
130712,0.0,0.0,0.0,0.0,0.0,0.0,100.0
73371,0.0,0.0,0.0,0.0,0.0,40.0,60.0
155289,0.0,0.0,0.0,0.0,0.0,0.0,100.0
40606,0.0,0.0,0.0,0.0,0.0,0.0,100.0
179882,0.0,0.0,0.0,0.0,0.0,100.0,0.0
155314,98.6046511627907,0.46511627906976744,0.9302325581395349,0.0,0.0,0.0,0.0
179891,0.0,0.0,0.0,0.0,0.0,0.0,100.0
114355,0.0,0.0,0.0,0.0,0.0,0.0,100.0
7865,0.0,0.0,0.0,0.0,0.0,0.0,100.0
40633,0.0,0.0,20.0,0.0,0.0,0.0,80.0
147134,100.0,0.0,0.0,0.0,0.0,0.0,0.0
179908,0.0,0.0,0.0,0.0,100.0,0.0,0.0
89801,0.0,0.0,0.0,0.0,0.0,100.0,0.0
48842,0.0,0.0,0.0,0.0,0.0,100.0,0.0
114382,0.0,0.0,0.0,0.0,0.0,0.0,100.0
155350,0.8333333333333334,0.0,0.0,15.0,0.0,13.333333333333334,70.83333333333334
179935,0.0,0.0,0.0,0.0,0.0,100.0,0.0
130785,98.87005649717514,0.0,0.0,0.0,0.0,0.0,1.1299435028248588
32483,0.0,0.0,0.0,0.0,2.2222222222222223,26.666666666666668,71.11111111111111
114417,0.0,0.0,0.0,0.0,0.0,0.0,100.0
179962,0.0,0.0,0.0,100.0,0.0,0.0,0.0
57083,0.0,0.0,0.0,0.0,0.0,0.0,100.0
40704,0.0,0.0,0.0,0.0,0.0,0.0,100.0
98051,0.0,0.0,0.0,0.0,0.0,0.0,100.0
139009,0.0,0.0,0.0,0.0,0.0,0.0,100.0
7945,0.0,0.0,0.0,0.0,0.0,0.0,100.0
114453,15.841584158415841,0.0,0.0,0.0,68.31683168316832,0.0,15.841584158415841
73503,0.0,0.0,0.0,0.0,0.0,0.0,100.0
130847,0.0,0.0,0.0,0.0,16.666666666666664,3.3854166666666665,79.94791666666666
32544,0.0,0.0,18.75,0.0,50.0,6.25,25.0
163618,0.0,0.0,0.0,0.0,100.0,0.0,0.0
65342,5.547445255474453,0.0,0.291970802919708,0.0,17.810218978102192,0.583941605839416,75.76642335766424
180028,0.0,0.0,0.0,0.0,0.0,100.0,0.0
155458,0.0,0.0,0.0,0.0,0.0,0.0,100.0
48968,0.0,0.0,100.0,0.0,0.0,0.0,0.0
130892,0.0,0.0,0.0,0.0,0.0,0.0,100.0
106318,43.03466317854807,0.0,0.0,0.3924133420536298,3.4009156311314586,3.4009156311314586,49.77109221713538
114514,13.83219954648526,0.0,0.0,0.0,75.73696145124717,0.0,10.430839002267573
180055,100.0,0.0,0.0,0.0,0.0,0.0,0.0
32599,0.0,0.0,0.0,0.0,0.0,0.0,100.0
73567,0.0,0.0,0.0,0.0,0.0,100.0,0.0
139107,0.0,0.0,0.0,0.0,0.0,0.0,100.0
65379,76.10062893081762,0.0,0.0,0.0,0.0,0.0,23.89937106918239
155494,0.0,0.0,0.0,0.0,17.647058823529413,0.0,82.35294117647058
171879,0.0,0.0,0.0,0.0,0.0,0.0,100.0
180091,0.0,0.0,0.0,0.0,0.0,0.0,100.0
106363,0.0,0.0,0.0,0.0,0.0,0.0,100.0
65413,0.0,0.0,0.0,0.0,0.0,0.0,100.0
155528,0.0,0.0,14.285714285714285,0.0,0.0,9.523809523809524,76.19047619047619
32660,0.0,0.0,100.0,0.0,0.0,0.0,0.0
49046,0.0,0.0,0.0,0.0,0.0,0.0,100.0
65431,0.0,0.0,0.0,0.0,0.0,0.0,100.0
81816,0.0,0.0,0.0,0.0,0.0,0.0,100.0
73629,0.0,0.0,0.0,0.0,0.0,0.0,100.0
147358,9.523809523809524,0.0,0.0,0.0,0.0,0.0,90.47619047619048
8096,0.0,0.0,44.44444444444444,0.0,22.22222222222222,0.0,33.33333333333333
130981,0.4032258064516129,0.0,0.0,0.0,0.0,0.0,99.59677419354838
106407,62.01117318435754,0.0,0.0,0.0,16.75977653631285,0.0,21.22905027932961
114603,0.0,0.0,0.0,0.0,0.0,0.0,100.0
49073,0.0,0.0,0.0,0.0,0.0,0.0,100.0
40900,0.0,0.0,0.0,0.0,0.0,100.0,0.0
65477,100.0,0.0,0.0,0.0,0.0,0.0,0.0
16329,0.0,0.0,100.0,0.0,0.0,0.0,0.0
24524,0.0,0.0,0.0,0.0,0.0,0.0,100.0
139214,0.0,0.0,0.0,0.0,0.0,0.0,100.0
163789,0.0,0.0,0.0,0.0,0.0,0.0,100.0
8158,0.0,0.0,0.0,0.0,100.0,0.0,0.0
40928,0.0,0.0,0.0,0.0,0.0,0.0,100.0
57314,0.0,0.0,100.0,0.0,0.0,0.0,0.0
73709,0.0,0.0,0.0,0.0,0.0,0.0,100.0
122864,0.0,0.0,0.0,0.0,0.0,0.0,100.0
40955,89.8876404494382,0.0,0.0,0.0,0.0,0.0,10.112359550561797
131069,0.0,0.0,0.0,0.0,0.0,30.0,70.0
98300,0.0,0.0,0.0,100.0,0.0,0.0,0.0
