Locality,Shannon-Weaver entropy
Municipiul Alba Iulia,0.31303290522950367
Ciugud,0.0623887444491804
Oras Abrud,0.10371515628283044
Municipiul Aiud,0.890509554523672
Municipiul Blaj,0.8049364824393438
Oras Campeni,0.1928199579236734
Oras Cugir,0.31883034441023556
Oras Ocna Mures,0.8125913127279893
Municipiul Sebes,0.40474570333808657
Oras Zlatna,0.32614976690106656
Albac,0.12326113558278975
Almasu Mare,0.043471916485273265
Arieseni,0.018413306571697655
Avram Iancu,0.48329447444158524
Oras Baia De Aries,0.04574290615921079
Berghin,0.42407279247694063
Bistra,0.05073077002610703
Blandiana,0.131225550204339
Bucium,0.0
Cenade,0.7442780873164209
Cergau,0.5472264518883158
Ceru-Bacainti,0.0
Cetatea De Balta,1.5124327009745202
Ciuruleasa,0.0
Calnic,0.843585866331831
Cricau,0.1360450646240397
Craciunelu De Jos,0.26359427580708356
Daia Romana,0.026025941842720397
Dostat,0.16808857115922896
Farau,1.028902745131353
Galda De Jos,0.39042545137090734
Garbova,0.5697884961444414
Garda De Sus,0.0
Hoparta,0.7385397216440855
Horea,0.21917642491160508
Ighiu,0.22196306449819656
Intregalde,0.0
Jidvei,1.0271198000601023
Livezile,0.08633220093481295
Lopadea Noua,1.0262272163662056
Lunca Muresului,1.2947099650097853
Lupsa,0.0
Metes,0.05043339167913209
Mihalt,0.11796383229246676
Miraslau,1.08721979483054
Mogos,0.0
Noslac,0.8440031345440518
Ocolis,0.0
Ohaba,0.17575512828488662
Pianu,0.06994149243275571
Poiana Vadului,0.0
Ponor,0.0
Posaga,0.0
Radesti,0.8554772081432924
Rametea,0.5890537061366501
Ramet,0.0
Rosia Montana,0.5793237388021548
Rosia De Secas,0.34475252506291587
Salciua,0.0
Salistea,0.0
Sasciori,0.0638037766608028
Scarisoara,0.6275160148603522
Sancel,0.32622511724120107
Santimbru,0.1909866896130149
Sohodol,0.16527275644076483
Stremt,0.04620894856710808
Sibot,0.2087072820923857
Sona,1.1122049610613987
Spring,0.28830446496141815
Sugag,0.029756110043301295
Oras Teius,0.6523307782579334
Unirea,1.1075541744290844
Vadu Motilor,0.0
Valea Lunga,0.44920505152625456
Vidra,0.019561461433557595
Vintu De Jos,0.236640481344322
Cut,0.11830528622013912
Bucerdea Granoasa,1.2454477612902768
Municipiul Arad,0.7984441789127141
Fantanele,0.780689585824471
Livada,0.5752860783507943
Sofronea,0.9438309808495567
Vladimirescu,0.35991396494769656
Oras Chisineu-Cris,1.1018040077327966
Oras Curtici,0.6879417817943091
Oras Ineu,0.7325787154665512
Oras Lipova,0.4382130039154624
Oras Nadlac,1.486759945130975
Oras Pancota,1.0962072212819818
Oras Sebis,0.5330112871741198
Almas,0.13114882098067382
Apateu,0.20030292452002083
Archis,0.30585481457490893
Bata,0.2433874057749962
Beliu,0.5658657432005476
Birchis,0.4791743761817315
Barsa,0.19537099596391597
Barzava,0.1915407007745479
Bocsig,0.20295349847205035
Brazii,0.0
Buteni,0.08338293284429604
Carand,0.3552875524488921
Cermei,0.7117095082426829
Chisindia,0.22907685773023675
Conop,0.11464143452134454
Covasint,0.9048623905249998
Craiva,0.6143470846947777
Dezna,0.025651946800986897
Dieci,0.1253123092551699
Ususau,0.052532315081838296
Felnac,0.9742234618524269
Ghioroc,0.7660288354492525
Graniceri,0.4919757330795488
Gurahont,0.19190795820948142
Halmagiu,0.024382108751157178
Halmagel,0.0
Hasmas,0.16676648237501449
Ignesti,0.0
Iratosu,1.1582048958598448
Macea,0.6434708645848964
Misca,1.5887189875320227
Moneasa,0.09448423313368225
Olari,1.5422115972359949
Paulis,0.5334957521934369
Oras Pecica,1.3578755238863631
Peregu Mare,2.111759349194052
Petris,0.08567787060064676
Pilu,0.8090202291743158
Plescuta,0.03886195175180214
Savarsin,0.09862952764194777
Secusigiu,0.8607094382278436
Seleus,0.05239039175055271
Semlac,0.9320701502107409
Sintea Mare,1.638309409356263
Oras Santana,0.7976725082910749
Socodor,0.6537057363113626
Sagu,0.6736541858812851
Seitin,0.6005577905168084
Sepreus,0.6166352604576686
Sicula,0.1680501976217508
Silindia,0.7045426995240193
Simand,0.6988814634278286
Siria,0.8279744404558523
Sistarovat,0.0760346956656914
Taut,0.21926556598211952
Tarnova,0.6507314940462463
Varadia De Mures,0.06621923467694608
Vinga,1.7894226758199565
Varfurile,0.13310960579889636
Zabrani,0.19278440193415436
Zarand,0.22582543828861384
Zerind,0.5643088720326324
Zimandu Nou,1.0891004602105818
Dorobanti,0.6043001107350997
Frumuseni,0.3465767310078976
Zadareni,0.268772226961812
Municipiul Pitesti,0.08884752531350609
Bascov,0.07987092724425282
Bradu,0.10972513405392695
Oras Mioveni,0.068010080669983
Maracineni,0.13098616779217637
Oras Stefanesti,0.36364143774616936
Municipiul Campulung,0.15897877678912462
Valea Mare Pravat,0.7790137216024182
Municipiul Curtea De Arges,0.05968337535154525
Oras Costesti,0.10611322963203589
Oras Topoloveni,0.04094989955983924
Albestii De Arges,0.04036975757828752
Albestii De Muscel,0.0
Albota,0.029345768829557965
Aninoasa,0.6938768685377039
Arefu,0.0
Babana,0.0
Baiculesti,0.14516639331726755
Balilesti,0.250862390630985
Beleti-Negresti,0.08418986963403699
Berevoesti,0.856448935581468
Barla,0.007281874139893346
Bogati,0.091911574726888
Boteni,0.1198929467195168
Botesti,0.0
Bradulet,0.0
Budeasa,0.1470715776396349
Bughea De Jos,0.5401648814387852
Buzoesti,0.006339615538775836
Caldararu,0.03184695148022055
Calinesti,0.07216625998972116
Cateasca,0.07268559599157401
Cepari,0.0
Cetateni,0.8242209207918307
Cicanesti,0.0
Ciofrangeni,0.0
Ciomagesti,0.0
Cocu,0.0
Corbeni,0.009154601050942148
Corbi,0.0464440442352535
Cosesti,0.46069874356697016
Cotmeana,0.0
Cuca,0.0
Davidesti,0.7662469622296328
Dambovicioara,0.0
Darmanesti,0.05207170694854419
Dobresti,0.0
Domnesti,0.0893719289701684
Dragoslavele,0.7567941514380064
Draganu,0.0
Godeni,0.0428767558229643
Harsesti,0.13728216135171098
Hartiesti,0.8547048863641284
Izvoru,0.648444772075313
Leordeni,0.23049972575707536
Leresti,0.3695721792136907
Lunca Corbului,0.0
Malureni,0.42572139051503105
Merisani,0.35657885056755023
Micesti,0.03221527815384908
Mihaesti,0.7384936985160047
Mioarele,0.0
Mirosi,0.0
Moraresti,0.0
Mosoaia,0.04166360353368385
Mozaceni,0.0
Musatesti,0.09157925412458578
Negrasi,0.08816461102229328
Nucsoara,0.0
Oarja,0.18999075553626754
Pietrosani,0.29021607724122944
Poienarii De Arges,0.10968687895667578
Poienarii De Muscel,0.3972121072813144
Poiana Lacului,0.010587031276214433
Popesti,0.0
Priboieni,0.14861710468454456
Ratesti,0.38286066954109604
Recea,0.18985622062343682
Rociu,0.03339033672004857
Rucar,0.08944958615361809
Salatrucu,0.04953720793471306
Sapata,0.023636873514522524
Schitu Golesti,0.6208701507625026
Slobozia,0.13336791643225604
Stalpeni,0.0440569828651504
Stoenesti,0.5435644431995964
Stolnici,0.2051028321863354
Suseni,0.07040112907799836
Stefan Cel Mare,0.0
Suici,0.0
Teiu,0.14431028218639022
Tigveni,0.034280386319742936
Titesti,0.21715744177739027
Uda,0.0
Ungheni,0.0
Valea Danului,0.0
Valea Iasului,0.0
Vedea,0.0
Vladesti,0.46763990530542066
Raca,0.0
Vulturesti,0.15943849048637668
Bughea De Sus,0.8957430109609616
Municipiul Bacau,0.12425864285227661
Hemeius,0.04421580825141773
Letea Veche,0.017327315452578797
Magura,0.0178315204687243
Margineni,0.025676657365486598
Municipiul Onesti,0.10597936229883678
Gura Vaii,0.40024765957791286
Stefan Cel Mare,0.7161705054596024
Oras Buhusi,0.48351473820881496
Oras Comanesti,0.25889237339945137
Municipiul Moinesti,0.33448764533459413
Oras Slanic-Moldova,0.020640847264685624
Oras Targu Ocna,0.15127494913258258
Agas,0.2853719594990555
Ardeoani,0.0
Asau,0.20657018010970526
Balcani,0.3147309984646066
Beresti-Bistrita,0.4967516514406406
Beresti-Tazlau,0.007089904400475189
Berzunti,0.45979343199287226
Barsanesti,0.040500004823298484
Blagesti,0.5590213416544163
Bogdanesti,0.0
Brusturoasa,0.0600465130015051
Buhoci,0.02086864699970189
Casin,0.13656896149451794
Caiuti,0.15072048922292144
Cleja,0.31026100966802894
Colonesti,0.0
Corbasca,0.937969916118305
Cotofanesti,0.8425469891685472
Damienesti,0.01896397257473527
Oras Darmanesti,0.43021306394883113
Dealu Morii,0.0
Dofteana,0.10695572392009062
Faraoani,0.2912550122251259
Filipeni,0.0
Filipesti,0.20715276319990408
Gaiceana,0.09837660937695644
Ghimes-Faget,1.1877456342176433
Garleni,0.12169198296140392
Glavanesti,0.052412761336529966
Helegiu,0.0
Horgesti,0.01736968047109339
Huruiesti,0.0
Izvoru Berheciului,0.0
Lipova,0.034135028353378706
Livezi,0.3463495553540657
Luizi-Calugara,0.0868607029902373
Magiresti,0.0
Manastirea Casin,0.02653562001528749
Motoseni,0.0
Negri,0.0
Nicolae Balcescu,0.18169675905077376
Oituz,0.017647787945865877
Oncesti,0.0
Orbeni,0.009613510837360976
Palanca,0.0564809135055005
Parava,0.6697980133627514
Parincea,0.1222072418584379
Pancesti,0.16707897546937026
Pargaresti,0.023559522827969585
Parjol,0.3757901930386465
Plopana,0.02772205028551738
Podu Turcului,0.0
Poduri,0.2161735082402838
Racova,0.0
Racaciuni,0.5605535888504165
Rachitoasa,0.08658973687462251
Rosiori,0.0
Sascut,0.19187025670505597
Sanduleni,0.03309077432661515
Saucesti,0.045300558397104666
Scorteni,0.11956947038122212
Secuieni,0.0
Solont,0.1185377326056889
Stanisesti,0.0
Strugari,0.06724497825468216
Tamasi,0.0
Tatarasti,0.0
Targu Trotus,0.015745361531097863
Traian,0.0
Ungureni,0.0
Urechesti,0.03058102269011384
Valea Seaca,0.9424776952989466
Vultureni,0.020707106538553885
Zemes,0.0
Sarata,0.0
Buciumi,0.8061584814382665
Gioseni,0.14404182739384205
Odobesti,0.0
Prajesti,0.0
Itesti,0.05672213496141157
Municipiul Oradea,0.9862086338514612
Sanmartin,0.6822395122091228
Santandrei,0.9190763251932164
Oras Alesd,1.4974420942827922
Astileu,0.6927195332532871
Municipiul Beius,0.5839522171982431
Oras Stei,0.23401005888990842
Municipiul Marghita,1.3068510932393727
Oras Nucet,0.4797625832650281
Municipiul Salonta,1.1550055391357914
Oras Vascau,0.2624001646037998
Abram,0.9241906927992827
Abramut,1.41138625284443
Auseu,0.7742733144124492
Avram Iancu,1.089837738287441
Balc,1.343970219071044
Batar,1.3625774226485166
Biharia,0.7527334832250985
Boianu Mare,0.3694778748248926
Borod,0.8767275027595232
Bors,0.6257816402922113
Bratca,0.35210648703329855
Brusturi,0.8402581862605424
Budureasa,0.7925181351690225
Buduslau,0.3244809762691599
Bulz,0.21326790538802662
Buntesti,0.03799420337393711
Cabesti,0.1303753652795816
Capalna,0.8010167420203863
Carpinet,0.206285414677058
Cefa,0.8230136938803043
Ceica,0.10705290470302727
Cetariu,0.785304707258912
Cherechiu,0.3304450109208227
Chislaz,1.2479476352909018
Ciuhoi,1.240595507818506
Ciumeghiu,1.4987544798994608
Campani,0.0
Cociuba Mare,0.4702143181811077
Copacel,0.5820034793976452
Cristioru De Jos,0.17352942092140217
Curatele,0.11337079611969272
Curtuiseni,1.2970133588866364
Derna,1.1461661682244602
Diosig,1.495851807159512
Dobresti,0.6505269608486879
Draganesti,0.5608555323552821
Dragesti,0.9428374860952593
Finis,1.279570302248271
Girisu De Cris,1.2262947996189748
Hidiselu De Sus,0.37635145089716315
Holod,0.8225216701021858
Husasau De Tinca,0.8220962388875475
Ineu,1.2945295136130968
Lazuri De Beius,0.0
Lazareni,0.8409286384870365
Lugasu De Jos,1.760050695000991
Lunca,0.11212587017850685
Madaras,0.9005916031707425
Magesti,0.6052798423282993
Nojorid,0.49214682839828944
Olcea,0.5782075859422415
Osorhei,1.23242968122075
Pietroasa,0.3789245694035278
Pocola,0.10169670021341146
Pomezeu,0.18889932637842927
Popesti,1.1029420671411063
Rabagani,0.4945564162674462
Remetea,0.9414003688182713
Rieni,0.5664493533338429
Rosia,0.0
Sacadat,0.5647210924737273
Oras Sacueni,0.9645863078664405
Salacea,0.3587428265777143
Salard,1.025550635856168
Sambata,0.06503538353189947
Sarbi,0.4349275404301016
Spinus,0.8383999481465935
Suplacu De Barcau,1.9257956521563382
Simian,1.2644265104917962
Sinteu,0.14005563339828198
Soimi,0.729710319316236
Suncuius,0.5476909688392946
Tarcea,1.1022482652507402
Tarcaia,1.0073318972698055
Tauteu,1.51495309285039
Tileagd,1.2322663642562293
Tinca,1.252765791621868
Tulca,0.5392731594696467
Tetchea,1.2240171172499188
Uileacu De Beius,0.6848328408256945
Vadu Crisului,1.1552201583041906
Oras Valea Lui Mihai,0.8390293655406076
Viisoara,0.7425313236339456
Varciorog,0.11594294757695642
Tamaseu,0.8214892967622746
Paleu,0.8651061065616087
Sannicolau Roman,0.7760292313973044
Rosiori,1.0924199049691252
Gepiu,1.1585426805437042
Toboliu,0.5357478051634709
Municipiul Bistrita,0.5189689385901871
Oras Beclean,0.841230262126652
Oras Nasaud,0.36982905426621887
Oras Sangeorz-Bai,0.11599390203701099
Bistrita Bargaului,0.04143650757384589
Branistea,0.9522423778574045
Budacu De Jos,0.7392098785619734
Budesti,0.6713386314797667
Caianu Mic,0.04793969635981519
Cetate,0.8023744908505127
Ciceu-Giurgesti,0.16522512052434216
Chiochis,0.9549972317678272
Chiuza,0.12453449283917173
Cosbuc,0.0
Dumitra,0.16881528483174446
Feldru,0.0
Galatii Bistritei,0.901951220661878
Ilva Mare,0.08298899968232032
Ilva Mica,0.07943135878631173
Josenii Bargaului,0.4023605174148804
Lechinta,1.0930232687409285
Lesu,0.0
Livezile,0.45953770951895456
Lunca Ilvei,0.0
Maieru,0.018381360964546636
Matei,1.3323457275402868
Magura Ilvei,0.32367385561557266
Mariselu,0.5829456612850876
Micestii De Campie,0.9501751952103724
Milas,0.5030860480984198
Monor,0.35756980777844505
Nimigea,0.9158391115540613
Nuseni,0.8498640594585715
Parva,0.0
Petru Rares,1.4244880336260128
Prundu Bargaului,0.0487700657526184
Rebra,0.0
Rebrisoara,0.0
Rodna,0.6912241201612116
Romuli,0.019232499990584268
Salva,0.0
Silivasu De Campie,0.44679060190769543
Sanmihaiu De Campie,0.5933318828450781
Spermezeu,0.0
Sant,0.0
Sieu,0.6464850877886025
Sieu-Magherus,0.633384489767634
Sieu-Odorhei,0.46763921110052775
Sieut,0.19084788503496358
Sintereag,0.6198865347983895
Teaca,1.180975353384059
Telciu,0.018814925638178326
Tiha Bargaului,0.2561836054014208
Tarlisua,0.05194670090161874
Uriu,1.004657381694608
Urmenis,0.5925961381393063
Zagra,0.33503669246337603
Municipiul Botosani,0.1585247219623844
Curtesti,0.023724248299627985
Rachiti,0.0
Stauceni,0.03340512406713296
Oras Darabani,0.0
Municipiul Dorohoi,0.14579877262251104
Oras Saveni,0.18271216233062604
Albesti,0.22805212073306833
Avrameni,0.015033348958849491
Baluseni,0.2977192930914509
Braesti,0.0
Broscauti,0.0
Oras Bucecea,0.03129312026638402
Calarasi,0.0
Concesti,0.0
Copalau,0.15121779226964277
Cordareni,0.0
Corlateni,0.0
Corni,0.0
Cotusca,0.0
Cristesti,0.08146202691506
Cristinesti,0.009870046356712011
Dersca,0.014639684681472257
Dangeni,0.011494815306225049
Dobarceni,0.0
Draguseni,0.0
Durnesti,0.03444166043227082
Oras Flamanzi,0.173392365491332
Frumusica,0.08168355548574029
George Enescu,0.0951382937539655
Gorbanesti,0.0
Havarna,0.0
Hanesti,0.0
Hiliseu-Horia,0.0
Hlipiceni,0.09401527997954578
Hudesti,0.0
Ibanesti,0.0
Leorda,0.0
Lunca,0.0
Manoleasa,0.0
Mihai Eminescu,0.019251549354426137
Mihaileni,0.7256226239755881
Mihalaseni,0.0
Mileanca,0.0
Mitoc,0.0
Nicseni,0.02713995635285986
Paltinis,0.0
Pomarla,0.020102458790577156
Prajeni,0.0
Radauti-Prut,0.010682900874850956
Rauseni,0.04607958061309516
Ripiceni,0.0
Roma,0.013994079136600276
Romanesti,0.0
Santa Mare,0.0
Suharau,0.012018590507100503
Sulita,0.10553320290555555
Sendriceni,0.0
Oras Stefanesti,0.4491891094040492
Stiubieni,0.0
Todireni,0.10759147012489667
Trusesti,0.12815800369526334
Tudora,0.0
Ungureni,0.0
Unteni,0.012554960477583078
Vaculesti,0.0
Viisoara,0.0
Varfu Campului,0.0
Vladeni,0.0
Vlasinesti,0.0
Vorniceni,0.0
Vorona,0.0
Lozna,0.0
Dimacheni,0.0
Candesti,0.6423024200264575
Cosula,0.7452167567440651
Blandesti,0.0
Adaseni,0.0
Municipiul Brasov,0.4828546096517148
Oras Ghimbav,0.37585579094993565
Municipiul Codlea,0.5993888409186506
Municipiul Fagaras,0.5305187205551462
Oras Predeal,0.1898849075139608
Oras Rasnov,0.3135583529254068
Oras Rupea,1.1738579895779455
Municipiul Sacele,0.9044109379272205
Oras Victoria,0.126334333968502
Oras Zarnesti,0.30782799394782334
Apata,1.4965900696289909
Beclean,0.6020042981560829
Bod,0.5623955438191527
Bran,0.05564102895353942
Budila,0.9639462736529063
Bunesti,1.2535730134556176
Cata,1.5743401387241254
Cincu,0.9281891242149871
Comana,0.717684234699804
Cristian,0.30070166548304544
Dumbravita,0.2579683200109487
Feldioara,0.6541179637527998
Fundata,0.0
Halchiu,1.0205879185621551
Harman,0.5464025731361981
Harseni,0.28503723488229027
Hoghiz,1.0753588303700683
Homorod,1.5546865036398623
Jibert,1.317084339729584
Lisa,0.40693193424973906
Maierus,1.2002890719907682
Mandra,0.23866645778173923
Moieciu,0.015215969755516074
Ormenis,1.5136488559215266
Parau,0.4321631647676522
Poiana Marului,0.0
Prejmer,0.5499259411258614
Racos,1.4515688388488244
Recea,0.26487814771496454
Sercaia,0.7966201165352139
Sinca,0.25888640594078904
Sanpetru,0.47381691219221744
Soars,0.7834095512316241
Tarlungeni,1.5789061652046774
Teliu,1.3499762723232367
Ticusu,1.2193079816347148
Ucea,0.11911602665564835
Ungra,0.6179794764604208
Vama Buzaului,0.21350199450038793
Vistea,0.5391804608279569
Voila,0.45018040194092784
Vulcan,0.43892041461252407
Sinca Noua,0.019192207167231305
Crizbav,0.7380071209897378
Sambata De Sus,0.21030404308799366
Holbav,0.0
Dragus,0.0
Augustin,1.1252977217266071
Municipiul Braila,0.23045432132507693
Chiscani,0.2276407448157951
Oras Faurei,0.4563001086861871
Surdila-Greci,0.0
Baraganul,0.25172990494156194
Bertestii De Jos,0.5428066228179947
Bordei Verde,0.0300675587701809
Ciocile,0.15293801139558005
Ciresu,0.11333444897054591
Dudesti,0.14016516920844369
Frecatei,0.042732686380876794
Galbenu,0.3494122925914943
Gemenele,0.0
Gradistea,0.4942198475777221
Gropeni,0.17022646020410515
Oras Ianca,0.20984699453614203
Oras Insuratei,0.31574057718048676
Jirlau,0.2648023212607873
Marasu,0.031031289942578484
Maxineni,0.15365924576671097
Mircea Voda,0.0393064000765653
Movila Miresii,0.3317183153883969
Racovita,0.026543157925331864
Ramnicelu,0.5249179795057046
Romanu,0.03815806770944938
Rosiori,0.07492880731781656
Salcia Tudor,0.0
Scortaru Nou,0.0
Silistea,0.0
Stancuta,0.013257007122597562
Surdila-Gaiseanca,0.16032872589902852
Sutesti,0.8706471847417949
Tichilesti,0.2256386876584492
Traian,0.2388802702674347
Tudor Vladimirescu,0.15308623545469527
Tufesti,0.0
Ulmu,0.17862289809822007
Unirea,0.39052594904023985
Vadeni,0.04182355670321486
Victoria,0.12607237405764907
Visani,0.598289019556713
Viziru,0.7029651699581347
Zavoaia,0.2333150216655219
Cazasu,0.0747904991771631
Municipiul Buzau,0.30922450215724556
Municipiul Ramnicu Sarat,0.44556700808364536
Amaru,0.1014811311180881
Balta Alba,0.08146202691506
Balaceanu,0.16866093149667025
Beceni,0.008353860576685412
Berca,0.05291869145447126
Bisoca,0.0
Blajani,0.0
Boldu,0.3678864006980916
Bozioru,0.04060836689093154
Bradeanu,0.2021232313372228
Braesti,0.0
Breaza,0.1832724994817877
Buda,0.6011994955449368
Calvini,0.9814496246005779
C.a. Rosetti,0.015499800920773948
Canesti,0.0
Catina,0.41945343464049784
Cernatesti,0.019639553223029113
Chiliile,0.0
Chiojdu,0.0
Cilibia,0.313558200644183
Cislau,0.2180491403277604
Cochirleanca,0.023020510595542505
Colti,0.0
Costesti,0.38572834198998973
Cozieni,0.05096130397741967
Galbinasi,0.19651847209740192
Gheraseni,0.1274791340810079
Ghergheasa,0.14473484283091972
Glodeanu Sarat,0.34163320357903165
Glodeanu-Silistea,0.0975313836969368
Grebanu,0.4314930610650358
Gura Teghii,0.0
Largu,0.0
Lopatari,0.0
Luciu,0.3531813127200676
Magura,0.5911594194192342
Maracineni,0.032838051520772765
Margaritesti,0.0
Merei,0.24838882573274584
Mihailesti,0.8534677575142071
Manzalesti,0.0
Movila Banului,0.40255722889601914
Murgesti,0.0
Naeni,0.04179248928940348
Oras Nehoiu,0.014772809983442527
Odaile,0.0
Padina,0.12339167774830226
Pardosi,0.0
Panatau,0.0
Oras Patarlagele,0.07600693995250546
Pietroasele,0.2690710321991443
Parscov,0.13660322922240759
Podgoria,0.12102446829538416
Oras Pogoanele,0.20444440345467646
Posta Calnau,0.11184976928751796
Puiesti,0.318484185546581
Racoviteni,0.04560647594182623
Ramnicelu,0.9841330219793533
Robeasca,0.0
Rusetu,0.20194751432831862
Sageata,0.013925211811376554
Sahateni,0.021849765921453365
Sapoca,0.022434090930665757
Sarulesti,0.0
Scortoasa,0.2504491558221035
Scutelnici,0.25443631069938044
Siriu,0.0
Smeeni,0.11285177783908255
Stalpu,0.38085891632651114
Tisau,0.0
Topliceni,0.20235802689411636
Tintesti,0.28085753989792483
Ulmeni,0.30085440080348086
Vadu Pasii,0.09852231457501572
Valea Ramnicului,0.020149174454816076
Valea Salciei,0.0
Vernesti,0.4449226326937006
Vintila Voda,0.0
Viperesti,0.5328095226866656
Valcelele,0.33062064297560556
Zarnesti,0.4282558290054476
Ziduri,0.22967269025968962
Unguriu,0.014024920011399667
Florica,0.0946220435508833
Municipiul Resita,0.5880104838660493
Oras Anina,0.7327317416912887
Oras Baile Herculane,0.28992533749389293
Oras Bocsa,0.541529665881803
Ocna De Fier,0.21250098957748115
Municipiul Caransebes,0.5075227486505429
Oras Moldova Noua,0.9168720839176391
Oras Oravita,0.4072859830264323
Oras Otelu Rosu,0.38064282557673695
Armenis,0.10576293440638698
Bania,0.11402412570959262
Bautar,0.07024264898026958
Berliste,0.669510750881363
Berzasca,1.5171661272346135
Berzovia,0.7436140332840385
Bolvasnita,0.0
Bozovici,0.37418259504317114
Brebu,0.04197695565927103
Brebu Nou,1.1084088295435786
Buchin,0.05090945167147312
Bucosnita,0.0
Carasova,1.1685453348243824
Carbunari,0.0
Constantin Daicoviciu,0.5884905979049376
Ciclova Romana,0.3468934869474982
Ciuchici,0.5102605878743733
Ciudanovita,0.22066016843718156
Copacele,0.9853147058621745
Cornea,0.0
Cornereva,0.0
Dalboset,0.05029117234655046
Doclin,0.8093945114092069
Dognecea,0.30768260783245077
Domasnea,0.16485359974596353
Ezeris,0.18384478726787673
Farliug,0.5037184766034223
Forotic,0.32432445419217504
Garnic,0.7892127787395937
Glimboca,0.02368401753604066
Goruia,0.2404091854660451
Gradinari,0.5030424195046213
Iablanita,0.09797656547316408
Lapusnicel,0.4864867319523378
Lapusnicu Mare,0.05574451936762807
Luncavita,0.130433898182698
Lupac,0.5499436716505012
Marga,0.20235123014814493
Maureni,0.23039125878694774
Mehadia,0.042796550540444095
Mehadica,0.3110097551471365
Naidas,0.6330801853938698
Obreja,0.15003765357338195
Paltinis,0.9560743913853529
Coronini,0.6885038616337883
Pojejena,1.136730832331261
Prigor,0.097484807999766
Ramna,0.07342307963503836
Racasdia,0.817994015085549
Eftimie Murgu,0.01990266620573229
Rusca Montana,0.2372656689922043
Sacu,0.9367211622781072
Sasca Montana,0.32247225282881825
Sichevita,0.10496244784420358
Slatina-Timis,0.21060141686754288
Socol,1.4919572233683092
Sopotu Nou,0.39390371533698243
Teregova,0.08348809081080673
Ticvaniu Mare,0.9916695041579567
Tarnova,0.019293278800736422
Toplet,0.30007358520659155
Turnu Ruieni,0.013726556712206838
Valiug,0.4694688151906825
Varadia,0.9798905742441872
Vermes,0.12160716558794743
Vrani,0.679169713949848
Zavoi,0.14356711482459852
Zorlentu Mare,0.06379684937230369
Municipiul Cluj-Napoca,0.8241855966694367
Municipiul Dej,0.6292164387454124
Cuzdrioara,0.6846064713684893
Jichisu De Jos,0.04751945003840976
Mica,0.9733418075382819
Municipiul Turda,0.7797009039111444
Mihai Viteazu,0.932264070932462
Sandulesti,0.2612686361617597
Municipiul Campia Turzii,0.6879219859211324
Municipiul Gherla,0.908259718436546
Oras Huedin,1.3347258710536958
Aghiresu,1.3134691940582912
Aiton,0.622937488104321
Alunis,0.05245188946213945
Apahida,0.5097995968651895
Aschileu,0.8543948470918803
Baciu,1.2123918410442638
Baisoara,0.2336527624949759
Belis,0.033245882303260976
Bobalna,0.390361157929389
Bontida,1.3425983564337314
Borsa,0.6106676062928859
Buza,1.2035792346797058
Caianu,1.1110613813931316
Calarasi,0.9555546660962734
Calatele,0.942720668472565
Camarasu,1.0663943032635559
Capusu Mare,1.2341715618542117
Caseiu,0.5029946208966943
Catina,0.9092565905710474
Ceanu Mare,0.48833400075178757
Chinteni,0.7559805396822546
Chiuiesti,0.10111692136399021
Ciucea,0.06987290917033168
Ciurila,0.34087616332800835
Catcau,0.2586146835133682
Cojocna,1.3671063095428566
Cornesti,0.7728105089944656
Dabaca,0.7256069052307774
Feleacu,0.9475257815988776
Fizesu Gherlii,1.3503008647825125
Floresti,0.9489006783038004
Frata,0.7513569535455207
Geaca,0.9143158960031244
Gilau,0.8421181028774811
Garbau,1.224751245452723
Iara,0.5624704364771557
Iclod,0.32043318822958466
Izvoru Crisului,0.7234125938630879
Jucu,0.6150822250124748
Luna,0.9510314953601084
Maguri-Racatau,0.019209813098083978
Manastireni,0.8187563141165792
Margau,0.039035742537290995
Marisel,0.0
Mintiu Gherlii,0.34729298805337305
Mociu,1.126591528241843
Moldovenesti,1.1757311177300422
Palatca,1.2073836705707364
Panticeu,0.8143070849158915
Petrestii De Jos,0.20556454357977344
Ploscos,0.12862243565642703
Poieni,0.3499710220089792
Recea-Cristur,0.790995327343006
Risca,0.0
Sacuieu,0.5673907203525781
Savadisla,1.108774544353586
Sic,0.26517169702818133
Sancraiu,0.7515894984034088
Sanmartin,0.7445653394670531
Sanpaul,0.7179082953830588
Suatu,1.3772198721324718
Tritenii De Jos,0.45339550394542905
Tureni,1.1806657844224357
Taga,0.5379083021411273
Unguras,1.04671069367217
Vad,0.09180316348150726
Valea Ierii,0.11327430349709672
Viisoara,1.196462052264704
Vultureni,0.8310588485697792
Negreni,0.24691340091017924
Municipiul Constanta,0.5373619838916384
Oras Eforie,0.7095983550908899
Municipiul Mangalia,0.6027842129749759
Oras Navodari,0.35068271003608115
Oras Techirghiol,0.8814058481953256
Agigea,0.5362784211054997
23-Aug,0.49734812155712205
Limanu,0.5502498940459751
Oras Ovidiu,0.5738821793371609
Tuzla,0.460437479564225
Oras Cernavoda,0.4434658847046681
Oras Harsova,0.7957491165484579
Municipiul Medgidia,1.0198057351811192
Adamclisi,0.15495722011811952
Albesti,0.20353105455675674
Aliman,0.015633924754095644
Oras Baneasa,1.1030874648796327
Castelu,1.1254962843204337
Cerchezu,0.0
Chirnogeni,0.07028168815315339
Ciobanu,0.0
Ciocarlia,0.5688091808450536
Cobadin,1.0587641687731366
Cogealac,0.03110425615562396
Comana,0.5132554234356012
Corbu,0.09640630269378925
Crucea,0.0443347751221687
Cumpana,0.523565028958007
Deleni,0.13451924024219203
Dobromir,0.9589355036469019
Garliciu,0.0
Ghindaresti,0.17209818872559737
Independenta,0.9918254386501774
Ion Corvin,0.2831418739901533
Istria,0.025596039426134098
Lipnita,0.463168808268655
Mereni,0.5412017876788605
Mihail Kogalniceanu,0.50275829611605
Mihai Viteazu,0.3080151918607503
Mircea Voda,0.04292391350118242
Oras Murfatlar,0.5936009979240612
Oras Negru Voda,0.3319338460579771
Nicolae Balcescu,0.20436193559669474
Oltina,0.0
Ostrov,0.28955406315578713
Pantelimon,0.0
Pecineaga,0.2956160095092877
Pestera,0.0
Poarta Alba,0.19889736603944513
Rasova,0.0
Saraiu,0.0
Sacele,0.020760441863596872
Seimeni,0.0
Silistea,0.1862830160396991
Targusor,0.0
Topalu,0.0
Topraisar,0.4109364366837401
Valu Lui Traian,0.7828320489054149
Lumina,0.42405996309184624
Dumbraveni,0.0
Vulturu,0.0
Tortoman,0.0
Amzacea,0.735937069209256
Horia,0.027700014548547792
Costinesti,0.11131328463249467
Baraganu,0.2052909617775318
Cuza Voda,0.7864546465839443
Saligny,0.0
Gradina,0.299603392963207
Fantanele,0.0
Municipiul Sfantu Gheorghe,0.853915462862014
Oras Baraolt,0.2847499249356455
Oras Covasna,1.1106174163460727
Comandau,0.34833203459108597
Oras Intorsura Buzaului,0.05825782083911404
Barcani,0.22080747822303293
Sita Buzaului,0.012434068210292738
Municipiul Targu Secuiesc,0.503122803641738
Aita Mare,0.43305785407660496
Batani,0.6547303839731147
Belin,1.4410725581012724
Bodoc,0.26261470400529713
Borosneu Mare,0.29161228194523975
Brates,0.12552482654559327
Bradut,0.9357337866355188
Bretcu,1.015726864572758
Catalina,0.09714036526396821
Cernat,0.11253449492095882
Chichis,1.0405717984425098
Dobarlau,0.1250677937184993
Ghelinta,0.18060872396973354
Ghidfalau,0.11960154197731249
Haghig,1.5672635142176525
Ilieni,0.567077194606881
Lemnia,0.16827333166636296
Malnas,0.32714749707465596
Moacsa,0.355774445747585
Ojdula,1.0506664519247135
Ozun,0.7291824338342009
Poian,0.03758600950488712
Reci,0.10652677687071549
Sanzieni,0.06885725218217298
Turia,0.08569009504933357
Valea Crisului,0.11916821217935596
Valcele,1.3688163680861742
Varghis,0.054129892789432706
Zagon,0.9995624762537576
Zabala,1.1334025109349348
Valea Mare,0.09702043712493197
Mereni,0.10545940491609888
Arcus,0.25123240384659884
Bixad,0.2159450066217252
Micfalau,0.17177607044875934
Dalnic,0.13306748290765347
Estelnic,0.06558444313806877
Municipiul Targoviste,0.3362153908382642
Aninoasa,0.01729332586306077
Doicesti,0.014796684120662793
Razvad,0.05492182490992892
Sotanga,0.01950446899998724
Ulmi,0.1438615476789333
Oras Fieni,0.05007708504364628
Motaieni,0.04124595012807966
Oras Gaesti,0.1491740912083583
Gura Foii,0.05842745555499332
Petresti,0.03218883251177748
Municipiul Moreni,0.14140726565116862
Iedera,0.436982351837734
Oras Pucioasa,0.08743772986221345
Branesti,0.0
Oras Titu,0.23277661376819497
Branistea,0.15567822721428076
Baleni,1.3591717525013807
Barbuletu,0.0
Bezdead,0.0
Bilciuresti,0.12791429715016803
Buciumeni,0.0
Bucsani,0.18932270069319823
Candesti,0.0
Cobia,0.0
Cojasca,0.7664337414557666
Comisani,0.015835059200182376
Contesti,0.624533192232529
Corbii Mari,0.48777899039660194
Cornatelu,0.2350843961807622
Cornesti,0.012786918194862676
Costestii Din Vale,0.7527828954258075
Crangurile,0.7855602922535472
Darmanesti,0.11253958183337603
Dobra,0.015167197704947602
Dragodana,0.03238824254986505
Dragomiresti,0.34094060652262004
Finta,0.0
Glodeni,0.01800645982959157
Gura Ocnitei,0.3851968873060454
Gura Sutii,0.36227158179260976
Hulubesti,0.0
I. L. Caragiale,0.6817324792013005
Lucieni,0.12582185998419712
Ludesti,0.8295146112387881
Lunguletu,0.006797825510382136
Malu Cu Flori,0.0
Manesti,0.5602005720877952
Matasaru,0.39311604249583104
Mogosani,0.1780386872437149
Moroeni,0.6930292132291985
Morteni,0.05760207160221676
Nucet,0.2982348782878412
Ocnita,0.0
Odobesti,0.4180172717354816
Pietrosita,0.034017078936433076
Poiana,0.47064307228676905
Potlogi,0.9296044269469561
Produlesti,0.31772712758411026
Pucheni,0.0
Oras Racari,0.26082347871319167
Runcu,0.010906631945798464
Salcioara,0.025211865892934702
Selaru,0.07666383403777065
Tatarani,0.14785845102149398
Uliesti,0.010704617325289368
Valea Lunga,0.0
Valea Mare,0.26447536283754725
Vacaresti,0.07611899027901431
Valeni-Dambovita,0.0
Visina,0.0
Visinesti,0.0
Varfuri,0.0
Voinesti,0.02097945586224543
Vulcana-Bai,0.0
Municipiul Craiova,0.19083983830519907
Bucovat,0.0
Isalnita,0.15725475512608278
Podari,0.4593889780693148
Simnicu De Sus,0.02687406730241545
Municipiul Bailesti,0.4690996044812859
Municipiul Calafat,0.3178090734468212
Oras Filiasi,0.2714082190215108
Oras Segarcea,0.5379905402896967
Afumati,0.18097056090732716
Almaj,0.0
Amarastii De Jos,0.7745111529134858
Amarastii De Sus,0.4424080837272288
Apele Vii,0.037166684259643194
Argetoaia,0.0
Oras Bechet,0.9379593904026364
Bistret,0.6510361784517137
Barca,0.7513877468889366
Botosesti-Paia,0.03573444092438398
Brabova,0.0
Bradesti,0.047533181324097666
Bralostita,0.0
Bratovoesti,0.01365679962141151
Breasta,0.3835301379076103
Bulzesti,0.0
Calopar,0.7120640548905479
Caraula,0.9054754799134439
Carpen,0.0
Castranova,0.10925908403907372
Calarasi,0.006313901209034596
Celaru,0.11667292800961471
Cerat,0.9393084853070002
Cernatesti,0.0
Cetate,0.6735790155372288
Cioroiasi,0.03132631201465251
Ciupercenii Noi,0.04930611205851779
Cosoveni,0.6136676868917942
Cotofenii Din Dos,0.029894291558153548
Daneti,0.0
Oras Dabuleni,0.10055787256092028
Desa,0.10600240672740263
Diosti,0.0736436287689068
Dobresti,0.02883611725299235
Dragotesti,0.07274376702041915
Dranic,0.06403343707880102
Farcas,0.4748231432419644
Galicea Mare,0.010924779497385417
Ghercesti,0.0
Gighera,0.4968567313693464
Giubega,0.0
Giurgita,0.40046051216290746
Gangiova,0.0
Gogosu,0.0
Goicea,0.0
Goiesti,0.0569254551048912
Grecesti,0.0
Izvoare,0.0
Leu,0.016004035528199595
Lipovu,0.9370886795723861
Macesu De Jos,0.030008630936287566
Macesu De Sus,0.3024433946458447
Maglavit,0.3773598470142423
Malu Mare,0.4800890936277461
Melinesti,0.12065541595633197
Mischii,0.02382666367194583
Marsani,0.10300671381154791
Motatei,0.0
Murgasi,0.0
Negoi,0.9849483170668636
Orodel,0.01980757445936815
Ostroveni,0.21849466214232535
Perisor,0.034073136076475524
Pielesti,0.07241645411854203
Piscu Vechi,0.3243138684751241
Plenita,0.2566220876444775
Poiana Mare,0.2137203133553299
Predesti,0.09416841621188146
Radovan,0.5332147920654049
Rast,0.4228447376625432
Robanesti,0.0
Sadova,0.6957168046119426
Salcuta,0.9510703066402137
Scaesti,0.0
Seaca De Camp,0.04683562431416878
Seaca De Padure,0.0
Secu,0.0
Silistea Crucii,0.44599512468515423
Sopot,0.0
Teasc,0.027583121033119277
Terpezita,0.04560647594182623
Teslui,0.16619511835757256
Tuglui,0.04560647594182623
Unirea,0.0816222130382437
Urzicuta,0.9716880204343147
Valea Stanciului,0.20883190181694453
Vela,0.0
Verbita,0.0
Vartop,0.8681053249370494
Varvoru De Jos,0.021826081201151065
Catane,0.9946655360108454
Carcea,0.1649332681082249
Carna,0.5564601366896204
Cotofenii Din Fata,0.8714233929194968
Dobrotesti,0.0
Galiciuica,0.09367621540293117
Ghidici,0.0
Ghindeni,0.4110507381919115
Intorsura,0.0497008549013714
Plesoi,0.0
Rojiste,0.0
Talpas,0.05599449120437128
Municipiul Galati,0.12017284276007083
Sendreni,0.0
Vanatori,0.0
Municipiul Tecuci,0.3005154295767596
Draganesti,0.43818773496457736
Munteni,0.5147375372150115
Oras Beresti,0.039430600469160845
Beresti-Meria,0.03232967494329629
Oras Targu Bujor,0.262797952030407
Barcea,0.6717291813392668
Balabanesti,0.0
Balasesti,0.0
Baleni,0.014822716916257507
Baneasa,0.07526826758743452
Branistea,0.0
Brahasesti,0.8743112824251416
Buciumeni,0.6539510887286941
Cavadinesti,0.014656639469103786
Certesti,0.07009315676005658
Corod,0.0
Corni,0.0
Cosmesti,0.06883651277362055
Costache Negri,0.0
Cuca,0.0
Cudalbi,0.006072741436820054
Draguseni,0.11137412337290935
Fartanesti,0.02065406288947706
Foltesti,0.21100768060512412
Frumusita,0.6338103665905627
Fundeni,0.0
Ghidigeni,0.8621588725622353
Gohor,0.023065642998992927
Grivita,0.27323242115678403
Independenta,0.12331350006158968
Ivesti,0.7082837558841499
Jorasti,0.0
Liesti,0.40265857367213287
Matca,0.007619747085493615
Mastacani,0.0
Movileni,0.6638299217525712
Namoloasa,0.0
Nicoresti,0.05304062674430537
Oancea,0.07840285243103612
Pechea,0.024521649155606125
Piscu,0.09019291217465446
Priponesti,0.0
Rediu,0.0
Scanteiesti,0.0
Schela,0.0
Slobozia Conachi,0.0
Smardan,0.0
Smulti,0.0
Suceveni,0.0
Tudor Vladimirescu,0.030863776925891283
Tulucesti,0.016989821664571605
Tepu,0.029296354015496504
Umbraresti,0.328369976237048
Valea Marului,0.0
Varlezi,0.0
Vladesti,0.026355687689488046
Radesti,0.0
Negrilesti,0.022404079909667855
Poiana,0.0
Cuza Voda,0.0
Suhurlui,0.0
Municipiul Targu Jiu,0.23572329766401945
Balesti,0.2118454381302816
Dragutesti,0.009636088673164362
Turcinesti,0.0
Municipiul Motru,0.08094614054367888
Oras Novaci,0.07706471316846333
Oras Targu Carbunesti,0.37423653026100484
Oras Ticleni,0.09548224695476795
Albeni,0.01318543236705399
Alimpesti,0.0
Aninoasa,0.0936453124934765
Arcani,0.0
Baia De Fier,0.0
Balanesti,0.0
Barbatesti,0.04466460085095255
Bengesti-Ciocadia,0.49749578613369305
Berlesti,0.0
Balteni,0.18681757715538141
Bolbosi,0.0
Borascu,0.08987440826717702
Branesti,0.0
Oras Bumbesti-Jiu,0.24595330281365682
Bumbesti-Pitic,0.0
Bustuchin,0.09007728233868384
Capreni,0.0
Catunele,0.0
Ciuperceni,0.0
Calnic,0.028285414420485773
Crasna,0.007215833775069984
Cruset,0.02995775993800494
Danciulesti,0.014793797593009611
Danesti,0.028526309574538285
Dragotesti,0.0
Farcasesti,0.0
Glogova,0.0
Godinesti,0.1024862628786403
Hurezani,0.0
Ionesti,0.0
Jupanesti,0.01592355834518254
Lelesti,0.01763148189211935
Licurici,0.0
Logresti,0.0
Matasari,0.03494664789523976
Musetesti,0.0
Negomir,0.0
Pades,0.014074048271302354
Pestisani,0.11955648542904151
Plopsoru,0.0
Polovragi,0.5972126095990834
Prigoria,0.0
Rosia De Amaradia,0.26033487741312134
Runcu,0.009159288855530554
Samarinesti,0.0
Sacelu,0.0
Saulesti,0.0
Scoarta,0.584114169009508
Schela,0.05810074789112419
Slivilesti,0.0
Stanesti,0.0
Stejari,0.0
Stoina,0.0
Telesti,0.34992565284806426
Oras Tismana,0.09375529034178913
Turburea,0.0
Oras Turceni,0.00549309765615825
Tantareni,0.4505053547501381
Urdari,0.0
Vagiulesti,0.0
Vladimir,0.0
Oras Rovinari,0.05756723656070503
Municipiul Odorheiu Secuiesc,0.29656921264563507
Bradesti,0.1014742954560209
Feliceni,0.1364841938252103
Municipiul Miercurea Ciuc,0.7558173012391556
Pauleni-Ciuc,0.12180351260546829
Oras Baile Tusnad,0.4735235740385059
Oras Balan,1.0741960937136683
Oras Borsec,0.7824462244384317
Oras Cristuru Secuiesc,0.33616917576658034
Municipiul Gheorgheni,0.6239733688248178
Municipiul Toplita,1.0184809045405887
Oras Vlahita,0.07985562611283055
Atid,0.3971259427666932
Avramesti,0.5767686918246091
Bilbor,0.02674867264073962
Capalnita,0.2642658027888358
Ciucsangeorgiu,0.13511702027688693
Ciumani,0.02374323102007969
Carta,0.0325899659878467
Corbu,0.7169317337801066
Corund,0.21250067816141427
Danesti,0.08029744684927649
Dealu,0.05529926318229586
Ditrau,0.06027930677086
Darjiu,0.42191062905928556
Frumoasa,0.2883510828166203
Galautas,0.8225668089346148
Joseni,0.13589010249870348
Lazarea,0.16632611277631032
Lueta,0.02159722315831422
Lunca De Jos,0.05779630085053673
Lunca De Sus,0.08530148070185892
Lupeni,0.23813332719927485
Martinis,0.1249396918753892
Meresti,0.07206170752523061
Mihaileni,0.7441976189810189
Mugeni,0.09007797358817363
Ocland,0.11406203765114972
Plaiesii De Jos,0.44161439489778176
Praid,0.2561799019052876
Remetea,0.0640012272830883
Sacel,1.3449676086420541
Sarmas,0.7147749010922537
Secuieni,0.9288337053997949
Siculeni,0.2861611762861056
Sancraieni,0.38238849271538494
Sandominic,0.14253838516243456
Sanmartin,0.06947928579507708
Sansimion,0.10427711233115806
Subcetate,0.47847609526810814
Suseni,0.2580080906560507
Simonesti,0.17438758929946302
Tulghes,0.900027187993416
Tusnad,0.42892522226259977
Ulies,0.3767957862105725
Varsag,0.02563794547780449
Voslabeni,1.0491009948237626
Zetea,0.13296889708419365
Madaras,0.015118672449618432
Cozmeni,0.24557944486969896
Tomesti,0.06104066466135349
Ciceu,0.09156968482432812
Leliceni,0.20318015643913018
Porumbeni,0.04623649088156516
Racu,0.04592187259413022
Satu Mare,0.021291562180063846
Santimbru,0.17564594835023123
Municipiul Deva,0.22090324673458298
Carjiti,0.0
Municipiul Hunedoara,0.5852080353839695
Ghelari,0.15487061341654382
Teliucu Inferior,0.2001464262539681
Municipiul Petrosani,0.4905525820321279
Municipiul Lupeni,0.4866589626279985
Oras Petrila,0.37467193827413875
Oras Uricani,0.34532352083213474
Municipiul Vulcan,0.5414714910999456
Oras Aninoasa,0.6343192075137889
Banita,0.05810074789112419
Municipiul Brad,0.43060079304583976
Criscior,0.08549213198028005
Oras Calan,0.47528874938826493
Oras Hateg,0.22939965220408326
Municipiul Orastie,0.6474749542545406
Oras Simeria,0.3376230291479899
Baia De Cris,0.01680659326934859
Balsa,0.08794303083475913
Baru,0.17018010941658923
Bacia,0.303629570211384
Baita,0.08282769086606803
Batrana,0.0
Beriu,0.07598629839780031
Blajeni,0.0
Bosorod,0.0
Branisca,0.11839085911564998
Bretea Romana,0.0981270722825052
Buces,0.09585012195505063
Bucuresci,0.0
Bulzestii De Sus,0.0
Bunila,0.0
Burjuc,0.08627956252870467
Cerbal,0.0
Certeju De Sus,0.07042727420052163
Densus,0.05154034773806093
Dobra,0.16981133077004673
Oras Geoagiu,0.5377156804350806
Gurasada,0.043940678706667506
Harau,0.4428086599335277
Ilia,0.0732178598075765
Lapugiu De Jos,0.0
Lelese,0.06452495841744675
Lunca Cernii De Jos,0.0
Luncoiu De Jos,0.0
Martinesti,0.5847248170638573
Orastioara De Sus,0.020393135236084953
Pestisu Mic,0.15039418951607403
Pui,0.16921249319172557
Rapoltu Mare,0.19519479250172062
Rachitova,0.0
Ribita,0.0
Rau De Mori,0.26733751492251734
Romos,0.268693410060235
Sarmizegetusa,0.0
Salasu De Sus,0.058463364893697634
Santamaria-Orlea,0.3685518297099202
Soimus,0.1692771922792778
Tomesti,0.0
Toplita,0.0
Totesti,0.2500090794521818
Turdas,0.8294681741551725
General Berthelot,0.13990471372459384
Vata De Jos,0.10478417395355552
Valisoara,0.07094888640232846
Vetel,0.5869503227196619
Vorta,0.0
Zam,0.2737905812989345
Municipiul Calarasi,0.3116676648960503
Modelu,0.1526236592902905
Municipiul Slobozia,0.22938403065602858
Municipiul Fetesti,0.3510550071679922
Oras Tandarei,0.599812162387662
Albesti,0.0
Oras Amara,0.04521036032597223
Andrasesti,0.33786924703269505
Balaciu,0.1260509165558138
Borcea,0.029570396608846305
Bordusani,0.6086099796532625
Bucu,0.014730595792293178
Oras Cazanesti,0.5867406696850325
Ciocanesti,0.053462586114524424
Ciochina,0.049343924170295116
Ciulnita,0.0
Cocora,0.18994144038855787
Cosambesti,0.0
Cuza Voda,0.0
Dichiseni,0.0
Dor Marunt,0.49905228648889727
Dorobantu,0.11395464216086534
Dragalina,0.5253445484883186
Dragos Voda,0.2905409737090213
Facaeni,0.11822488926986176
Gheorghe Doja,0.0
Gheorghe Lazar,0.022779906302584373
Giurgeni,0.0
Gradistea,0.065350929297089
Grindu,0.09584800673280335
Grivita,0.01060264561036863
Independenta,0.02475512256085876
Jegalia,0.0
Lehliu,0.36495582258615666
Oras Lehliu Gara,0.6213877897964983
Lupsanu,0.06724006476072725
Mihail Kogalniceanu,0.0
Milosesti,0.01633811395604487
Movila,0.08912507400466653
Munteni-Buzau,0.02962582646899567
Alexandru Odobescu,0.022890611121676157
Perieti,0.030987461931021115
Perisoru,0.014869956948352123
Reviga,0.11419281264532173
Roseti,0.01185764454049095
Salcioara,0.12499500262726919
Saveni,0.0
Scanteia,0.017041017226694412
Sfantu Gheorghe,0.0
Stelnica,0.060592571880133325
Suditi,0.0
Stefan Cel Mare,0.0
Stefan Voda,0.1610860625252704
Ulmu,0.0
Unirea,0.0
Valea Ciorii,0.0
Valcelele,0.0
Vlad Tepes,0.2279754948912901
Vladeni,0.06107071116147342
Municipiul Iasi,0.13741290211140536
Barnova,0.06386322728930934
Holboca,0.1689899211446937
Rediu,0.050450360242054675
Tomesti,0.009183590491274303
Oras Harlau,0.33909329579272457
Municipiul Pascani,0.14536627360124102
Oras Targu Frumos,0.8717740626265694
Ion Neculce,0.009066489172126409
Alexandru I. Cuza,0.0
Andrieseni,0.013702239542847298
Aroneanu,0.0
Baltati,0.009681583497868131
Belcesti,0.05746342241156145
Bivolari,0.0
Ungheni,0.0
Braesti,0.0
Butea,0.06798749233644212
Ceplenita,0.0
Ciortesti,0.0
Ciurea,0.3521481733925022
Coarnele Caprei,0.0
Comarna,0.09458166698130525
Costuleni,0.013661183022518309
Cotnari,0.0700862754586341
Cozmesti,0.024675338599820615
Cristesti,0.03503538799203653
Cucuteni,0.06289599804519273
Dagata,0.3277508221033188
Deleni,0.0
Dobrovat,0.0
Dolhesti,0.7588903524015445
Dumesti,0.012653489047128931
Erbiceni,0.007213319057955982
Focuri,0.6363050761032154
Golaiesti,0.0
Gorban,0.0
Grajduri,0.44279032946280117
Gropnita,0.0
Grozesti,0.0
Halaucesti,0.0
Helesteni,0.0165991923000551
Horlesti,0.0
Ipatele,0.0
Lespezi,0.1619256590722702
Letcani,0.0
Lungani,0.9198458740749562
Madarjac,0.07096043197884164
Mircesti,0.027134702377882274
Mironeasa,0.4214653259131372
Miroslava,0.021332335003077664
Miroslovesti,0.32889943750873657
Mogosesti,0.0
Mogosesti-Siret,0.0
Mosna,0.0
Motca,0.5301925855249014
Movileni,0.020011914905934097
Oteleni,0.0
Plugari,0.009840826848570006
Oras Podu Iloaiei,0.4781350715565887
Popesti,0.0
Popricani,0.016618338095836356
Prisacani,0.01988638855488309
Probota,0.0
Raducaneni,0.2798302230877903
Romanesti,0.0
Ruginoasa,0.0
Schitu Duca,0.06781647884579788
Scanteia,0.0
Scobinti,0.0105916869164863
Sinesti,0.0
Siretel,0.0
Stolniceni-Prajescu,1.0719476567167887
Strunga,0.0
Scheia,0.0
Sipote,0.0
Tansa,0.0
Tatarusi,0.037357527928679475
Todiresti,0.09960124470345852
Trifesti,0.056845308554434426
Tibana,0.0
Tibanesti,0.0
Tiganasi,0.0
Tutora,0.0
Valea Seaca,0.1577425366842967
Victoria,0.0
Vanatori,0.08967750078752772
Vladeni,0.0
Voinesti,0.35246695122604166
Bals,0.06912434764754273
Costesti,0.0
Draguseni,0.0
Fantanele,0.0
Harmanesti,0.0
Rachiteni,0.0
Roscani,0.0
Valea Lupului,0.03659770570957722
Ciohorani,0.4882674261137
Municipiul Giurgiu,0.31941000152515425
Slobozia,0.6293610531694851
Oras Buftea,0.3961873160115202
Municipiul Oltenita,0.38698192453143526
Mitreni,0.30549050032809255
Municipiul Urziceni,0.2216291547800628
Ciocarlia,0.0
Manasia,0.24378696357692795
Adancata,0.0
Adunatii-Copaceni,0.10160848399927702
Afumati,0.37687347252713843
Alexeni,0.34522299684644253
Armasesti,0.0
Axintele,0.06894225810095912
Balotesti,0.29966343572478904
Baneasa,0.3456936744469825
Barcanesti,0.6702108487159022
Belciugatele,0.2888291637056529
Berceni,0.1531308938072822
Bolintin-Deal,0.03239476789914168
Oras Bolintin-Vale,0.7140698233692504
Brazii,0.0
Branesti,0.053924636461607264
Brezoaele,0.06090757377029367
Bucsani,0.02406446091821941
Oras Budesti,0.9625806769610771
Bulbucata,0.0
Butimanu,0.3162887439345098
Buturugeni,0.34725823462148353
Calugareni,0.06600935012881014
Cascioarele,0.18701968289473336
Cernica,0.5495849343724825
Chirnogi,0.7565826957961167
Chiselet,0.7385830882760526
Ciocanesti,0.4642607949125037
Ciolpani,0.09868980318480772
Ciorogarla,0.32443522568313865
Clejani,0.6588514030680889
Clinceni,0.10104483447854125
Colibasi,0.2519738970640647
Comana,0.40857172890908533
Corbeanca,0.2162035295062753
Cornetu,0.34349019711339235
Cosereni,0.0
Crevedia,0.0947145493858992
Crevedia Mare,0.37397371450055883
Curcani,0.9454999287137398
Daia,0.0627401018542274
Dascalu,0.09825098753866157
Darasti-Ilfov,0.05127526742961471
1 Decembrie,0.3649121497857078
Domnesti,0.1684250759859295
Dragomiresti-Vale,0.028128061769521595
Dragoesti,0.03589676995403601
Dridu,0.028897963373678046
Oras Fierbinti-Targ,0.04096753706391755
Floresti-Stoenesti,0.030484207376179046
Frasinet,0.48462113418571223
Fratesti,0.31961541613685196
Frumusani,0.7728189296816361
Fundeni,0.4528483090704616
Oras Fundulea,0.34163182608857595
Gaiseni,0.38277152367830625
Ganeasa,0.8504789395739843
Gaujani,0.6064766860497645
Ghimpati,0.3937895100894215
Garbovi,0.06099045565213539
Gogosari,0.1704009325839533
Gostinu,0.0
Gostinari,0.8016725544893915
Gradinari,0.0646491071653678
Gradistea,0.08349970800272821
Greaca,0.03758419394435074
Gruiu,0.02208294409972287
Gurbanesti,0.36849714413934487
Hotarele,0.2584822056651547
Iepuresti,0.0
Ileana,0.24441587174331303
Ion Roata,0.5520531956717152
Izvoarele,0.11286359539874109
Jilavele,0.15477852527829228
Joita,0.11003519448049769
Letca Noua,0.24244619798247705
Luica,0.24237852823092157
Mihai Bravu,0.12315273892317621
Oras Mihailesti,0.2073464478810893
Manastirea,0.6025837715489384
Marsa,0.0
Moara Vlasiei,0.0502122593210513
Movilita,0.20726988062670504
Nana,0.6812419209730676
Nicolae Balcescu,0.19528130606625718
Niculesti,0.2152644559412367
Nuci,0.15133331980184814
Ogrezeni,0.0
Oinacu,0.03302330685361306
Peris,0.03524247704394814
Petrachioaia,0.43634054467840067
Plataresti,0.281760005053586
Prundu,0.6685982024599201
Putineiu,0.3769714087869044
Radovanu,0.15063710564185542
Rasuceni,0.28458178215706265
Roata De Jos,0.29789551413276316
Sarulesti,0.8397471737600852
Schitu,0.17782535312623618
Sinesti,0.5485004558178874
Singureni,0.4501700330342495
Slobozia Moara,0.024129825869789182
Snagov,0.05660414742113547
Sohatu,0.2065776258235997
Spantov,0.9128076514801413
Stanesti,0.07681824409048703
Stoenesti,0.09320608178201056
Soldanu,0.8375680833435121
Stefanestii De Jos,1.012126121813695
Tamadau Mare,0.17892353224979324
Tartasesti,0.17161431801878457
Tunari,0.46835762469830355
Ulmeni,0.5742278275024675
Ulmi,0.005010380354232375
Valea Argovei,0.19391911046218857
Valea Dragului,0.44077574311478396
Valea Macrisului,0.22881886271875387
Vasilati,0.11757123051439662
Varasti,0.7716817731906396
Vedea,0.5564904525066349
Vidra,0.5652064420455549
Vanatorii Mici,0.017700971091641968
Municipiul Baia Mare,0.7448302622041623
Grosi,0.11621698418930837
Recea,0.3408509165818491
Oras Tautii-Magheraus,0.6440631276429413
Municipiul Sighetu Marmatiei,0.8327306885988754
Sarasau,0.23044189176852028
Vadu Izei,0.02040000200615466
Oras Baia Sprie,0.9473873124678993
Oras Borsa,0.17186510307323807
Oras Cavnic,0.6729474016977153
Oras Targu Lapus,0.5910133546111249
Oras Viseu De Sus,0.5319000120152522
Ardusat,0.03283100774483507
Arinis,0.5240530311136135
Asuaju De Sus,0.04546931027339213
Baita De Sub Codru,0.09838059913956637
Baiut,0.9532469351992843
Basesti,0.26997627128198287
Bicaz,0.0
Bistra,0.6363564902559871
Barsana,0.0
Bocicoiu Mare,1.297278112576959
Bogdan Voda,0.0
Boiu Mare,0.0
Botiza,0.0
Budesti,0.011407757737461138
Calinesti,0.0
Cernesti,0.21488556117482144
Cicarlau,0.06354893069433266
Campulung La Tisa,1.0862971868822915
Copalnic-Manastur,0.41709988867532666
Coroieni,0.7164845410356973
Cupseni,0.0
Desesti,0.0
Oras Dragomiresti,0.03618713041875917
Dumbravita,0.06375794975997705
Farcasa,0.17791512483087718
Giulesti,0.011335179502420795
Ieud,0.0
Lapus,0.052303536715132715
Leordina,0.021344384585562984
Miresu Mare,0.13064970649707758
Moisei,0.004394488962009052
Oarta De Jos,0.06398672980840445
Ocna Sugatag,0.5840055159640828
Petrova,0.12213926105703785
Poienile De Sub Munte,0.24490463040681004
Remetea Chioarului,0.9793765872104222
Remeti,1.1686446435720437
Repedea,0.20408618031357528
Rona De Jos,0.07274775933636159
Rona De Sus,0.7131847439429614
Rozavlea,0.04781077259759603
Ruscova,0.4522173409020806
Satulung,0.8490268821937623
Sacalaseni,0.2493558821214815
Sacel,0.02066732839856935
Oras Salistea De Sus,0.0
Salsig,0.5239036214570678
Sapanta,0.034433794625960704
Oras Seini,0.8172026959066265
Stramtura,0.01265038515016602
Suciu De Sus,0.291701319902971
Sisesti,0.014843447361653224
Oras Somcuta Mare,0.723874131510943
Oras Ulmeni,1.4639534717436584
Valea Chioarului,0.445523991026389
Vima Mica,0.0
Viseu De Jos,0.08852733120966438
Municipiul Drobeta-Turnu Severin,0.09947666432357663
Simian,0.4096574451695276
Oras Baia De Arama,0.4832298961349587
Obarsia-Closani,0.0
Municipiul Orsova,0.4179336582065331
Oras Strehaia,0.5416106461161464
Oras Vanju Mare,0.18891406223025214
Bala,0.07941702035220966
Balta,0.0
Balacita,0.39339832928555857
Bacles,0.0
Balvanesti,0.0
Breznita-Motru,0.0
Breznita-Ocol,0.09951040620518034
Brosteni,0.14360385775404116
Burila Mare,0.09710889199635228
Butoiesti,0.2550843191231018
Cazanesti,0.0
Ciresu,0.060741119423731046
Corcova,0.28876948321411694
Corlatel,0.6329208984823799
Cujmir,0.1076843650180923
Devesel,0.4388238233479633
Darvari,0.202292635757232
Dumbrava,0.0
Floresti,0.0
Garla Mare,0.9294570197588179
Godeanu,0.0
Gogosu,0.5669785518039416
Greci,0.0
Grozesti,0.02603916057662943
Gruia,0.9168138410644002
Hinova,0.0
Husnicioara,0.0
Eselnita,0.9604142116113145
Ilovat,0.0
Ilovita,0.0
Isverna,0.03596889024410891
Izvoru Barzii,0.0
Jiana,0.7009298859761015
Livezile,0.0
Malovat,0.06916177850395011
Obarsia De Camp,0.0
Oprisor,0.0
Padina,0.0
Patulele,0.03272573862101541
Dubova,1.1836845245847656
Podeni,0.0
Ponoarele,0.02187247612535633
Poroina Mare,0.0
Pristol,0.0
Prunisor,0.0
Punghina,0.8784020142587773
Rogova,0.05913037977308044
Salcia,0.0
Stangaceaua,0.0
Svinita,0.42861035507213774
Sisesti,0.0
Sovarna,0.0
Tamna,0.6981976676733859
Vanatori,0.09735690729455607
Vanjulet,0.7174613244119745
Vladaia,0.6668112861399762
Voloiac,0.0
Branistea,0.0
Vrata,0.789021228225766
Municipiul Targu Mures,1.1816747831672096
Cristesti,1.3904879282209899
Sancraiu De Mures,1.1600725353572992
Sangeorgiu De Mures,1.3462671951621266
Santana De Mures,1.3213312279810236
Municipiul Sighisoara,1.0964269428243616
Albesti,1.309272133460278
Oras Ludus,1.1311127143541062
Municipiul Reghin,1.2213911733087022
Oras Sovata,0.5606367669376431
Municipiul Tarnaveni,1.1432605747492026
Acatari,0.6273424602710369
Adamus,1.4804600327458324
Alunis,1.2120857189577556
Apold,1.0544266675408245
Atintis,1.2318774932059253
Bahnea,1.6230276698594142
Band,1.5685771150350996
Batos,1.235959008598638
Bagaciu,1.6224603781424671
Bala,0.5204046274433343
Balauseri,1.2486460800693058
Beica De Jos,1.3458242558562907
Bichis,1.2746620427231314
Bogata,1.3053366660655752
Breaza,1.3867341204469834
Brancovenesti,1.3174507105447653
Ceuasu De Campie,1.388198171761841
Chetani,0.7889177388416194
Chiheru De Jos,0.5074113921023731
Coroisanmartin,1.3685174438239833
Cozma,0.0
Craciunesti,1.0096599838232483
Craiesti,0.049939736013349535
Cucerdea,0.11536335505422324
Cuci,1.0323633261160639
Danes,1.0044327173502847
Deda,0.5099882402857272
Eremitu,0.5025149721899217
Ernei,1.0302462920213675
Faragau,1.4771361337016642
Fantanele,0.35650737007379385
Galesti,0.2892860809934631
Ganesti,1.2261108905291556
Gheorghe Doja,1.0137507270109698
Ghindari,0.44093021693274675
Glodeni,1.1806378575623675
Gornesti,1.1153551058911035
Grebenisu De Campie,0.6361655002372655
Gurghiu,1.2091684344318068
Hodac,0.031792656697530106
Hodosa,0.5230426204203427
Ibanesti,0.019658802404107206
Iclanzel,0.2968004581094911
Ideciu De Jos,1.001091321690524
Oras Iernut,1.0372625284409873
Livezeni,1.4610964941642761
Lunca,0.3701266771434962
Lunca Bradului,0.8623658195917918
Magherani,0.3992286145086128
Mica,1.4348309601678175
Oras Miercurea Nirajului,0.810846603444789
Mihesu De Campie,0.8786367770185285
Nades,1.4865224891392075
Neaua,0.42205723475811474
Ogra,1.528058287916599
Papiu Ilarian,1.0179247418374844
Panet,0.9545499789072301
Pasareni,0.8142531273226191
Petelea,1.2096218686620566
Pogaceaua,0.7146727094036457
Rastolita,0.5667608020402
Raciu,0.6680030887635429
Rusii-Munti,0.43339447795814895
Saschiz,0.8064997308099515
Oras Sarmasu,1.2039545734223527
Oras Sangeorgiu De Padure,0.9560719998379889
Sanger,0.8418858715103295
Sanpaul,1.5828417700008108
Sanpetru De Campie,0.902149504377803
Solovastru,0.585070703071051
Stanceni,0.6140419804242598
Suplac,1.4122460948563564
Suseni,1.339242837518978
Saulia,0.7541381895978474
Sincai,1.337896014038971
Taureni,0.6968658980747721
Oras Ungheni,1.0132720240032103
Valea Larga,0.20598070145138486
Vargata,0.6591669161683614
Vatava,0.38510540845998725
Vetca,0.6118809414096746
Viisoara,1.1540709401424976
Vanatori,1.539796623768984
Voivodeni,1.2833163891749961
Zagar,1.2997219242639932
Zau De Campie,0.8737875482355704
Chibed,0.17111735857320376
Corunca,1.0818887572579972
Sarateni,0.7177257828947368
Madaras,0.9331179587661427
Bereni,0.16732919232517435
Municipiul Piatra-Neamt,0.12822815894738895
Dumbrava Rosie,0.028982221448038213
Savinesti,0.19714545379562554
Municipiul Roman,0.2654927760098493
Cordun,0.0
Horia,0.19015464831065143
Oras Bicaz,0.2174792999430893
Oras Targu Neamt,0.1565818684392653
Agapia,0.0
Bahna,0.6395837905956576
Baltatesti,0.0
Bicaz-Chei,0.1841085662570143
Bicazu Ardelean,0.013884236299314104
Bira,0.0
Bargauani,0.0
Bodesti,0.20483512186076297
Borca,0.2197306757232402
Borlesti,0.0
Botesti,0.007481113336803031
Bozieni,0.0
Brusturi,0.0
Ceahlau,0.019883678374696033
Candesti,0.0
Costisa,0.0
Cracaoani,0.5512920103289729
Damuc,0.0
Dobreni,0.0
Doljesti,0.02588138696548488
Dragomiresti,0.23801073014722776
Dulcesti,0.0
Farcasa,0.10480657173152536
Faurei,0.0
Gheraesti,0.0
Girov,0.11243510105389613
Garcina,0.0
Grinties,0.015064474987275188
Grumazesti,0.0
Hangu,0.0
Icusesti,0.14902593338953687
Ion Creanga,0.0
Margineni,0.0
Moldoveni,0.0
Oniceni,0.0
Pastraveni,0.010011391734365738
Petricani,0.0
Piatra Soimului,0.12552421715977063
Pipirig,0.0
Pangarati,0.0
Podoleni,0.0
Poienari,0.02775517435876959
Poiana Teiului,0.0
Raucesti,0.0
Razboieni,0.1420422336930937
Rediu,0.0
Romani,0.0
Oras Roznov,0.294059290018933
Sagna,0.009370716915493259
Sabaoani,0.0
Secuieni,0.0
Stanita,0.0
Stefan Cel Mare,0.0
Tarcau,0.0
Tasca,0.0
Tazlau,0.0
Tamaseni,0.011146870931808528
Timisesti,0.0
Trifesti,0.0
Tupilati,0.0
Tibucani,0.12803535244403383
Urecheni,0.1150174422326585
Valea Ursului,0.0
Alexandru Cel Bun,0.027464491595233568
Vanatori-Neamt,0.2133318081611776
Zanesti,0.0
Dochia,0.0
Ruginoasa,0.0
Ghindaoani,0.0
Valeni,0.8052741736168278
Draganesti,0.0
Pancesti,0.0
Gadinti,0.0
Negresti,0.13117216693465664
Boghicea,0.309846532809684
Municipiul Slatina,0.2009067725745979
Slatioara,0.11361097091400799
Oras Bals,0.22990822163472888
Municipiul Caracal,0.2691651509060478
Draghiceni,0.0
Oras Corabia,0.3823526367398899
Garcov,0.0
Oras Draganesti-Olt,0.3839556723756908
Babiciu,0.033985135036795025
Baldovinesti,0.0
Barasti,0.0
Barza,0.18723560657478144
Bobicesti,0.013917604354558886
Brastavatu,0.11137412337290935
Brebeni,0.41381685030363374
Brancoveni,0.0
Bucinisu,0.03667741954461302
Cezieni,0.0
Cilieni,0.0
Carlogani,0.0
Colonesti,0.0
Corbu,0.5671140798926596
Coteana,0.09237214833441482
Crampoia,0.0
Curtisoara,0.0770011538159251
Cungrea,0.0
Daneasa,0.15844019881884483
Deveselu,0.014597479747238743
Dobretu,0.0
Dobrosloveni,0.10587097040592429
Dobroteasa,0.0
Dobrun,0.0
Fagetelu,0.0
Falcoiu,0.1608720888926015
Farcasele,0.09401737407826585
Ganeasa,0.01508730783740272
Giuvarasti,0.0
Gostavatu,0.19542445001306635
Gradinari,0.838852934835424
Grojdibodu,0.03434309011074426
Ianca,0.14160349296374347
Iancu Jianu,0.2059172644247823
Icoana,0.0
Izbiceni,0.18946922423572607
Izvoarele,0.0
Leleasca,0.0
Maruntei,0.04164669458623373
Mihaesti,0.0
Milcov,0.04868058079377262
Morunglav,0.013605880081129623
Movileni,0.013686078932484757
Nicolae Titulescu,0.0
Obarsia,0.12611991550729446
Oboga,0.0
Oporelu,0.0
Optasi-Magura,0.0
Orlea,0.03756584718686875
Osica De Sus,0.16488844035490569
Perieti,0.0
Oras Piatra-Olt,0.37832605650710627
Parscoveni,0.0
Plesoiu,0.0
Poboru,0.0
Oras Potcoava,0.3885047768186634
Priseaca,0.0
Radomiresti,0.016731970758141524
Redea,0.035894153247357605
Rotunda,0.019058528273906392
Rusanesti,0.08196046948509977
Scarisoara,0.2657916206146447
Schitu,0.0
Oras Scornicesti,0.003696638017416511
Seaca,0.020796162008195476
Samburesti,0.026245343520087984
Spineni,0.07411891999023332
Sprancenata,0.09663786351753346
Stoenesti,0.5122364045269843
Stoicanesti,0.04043723730348307
Strejesti,0.06620585748543513
Studina,0.0
Serbanesti,0.018561782718886026
Stefan Cel Mare,0.09798638394457815
Tatulesti,0.0
Teslui,0.012954844741221126
Tia Mare,0.0
Topana,0.04716451057192788
Traian,0.011017258790162748
Tufeni,0.0
Urzica,0.0
Valea Mare,0.17462940699770088
Vadastra,0.034135028353378706
Vadastrita,0.0
Valeni,0.1198747531594623
Verguleasa,0.1325771222951413
Visina,0.0
Vitomiresti,0.0
Valcele,0.0
Vladila,0.017481868576240414
Voineasa,0.11414564415067158
Vulpeni,0.0
Vulturesti,0.0
Balteni,0.0
Calui,0.0
Gavanesti,0.0
Ghimpeteni,0.042997614572135454
Gradinile,0.02737928806092755
Gura Padinii,0.02485290394458824
Ipotesti,0.3714193598053781
Osica De Jos,0.1861204427225454
Sarbii - Magura,0.0
Visina Noua,0.08036663349584229
Soparlita,0.05558544655388988
Municipiul Ploiesti,0.2144684471979626
Barcanesti,0.2193022340387138
Berceni,0.017570009206727324
Blejoi,0.14568593905591123
Brazi,0.023868438478606844
Bucov,0.30784482484899894
Paulesti,0.07418575156253852
Targsoru Vechi,0.009287122576106314
Oras Azuga,0.11351796454394884
Oras Baicoi,0.03563439657042333
Oras Boldesti-Scaeni,0.3058335779945557
Oras Breaza,0.014764681495503702
Oras Busteni,0.10209140293285987
Municipiul Campina,0.17742171541433566
Poiana Campina,0.05322103089091475
Oras Comarnic,0.0072912294022318665
Oras Mizil,0.6448699107612732
Oras Plopeni,0.10182402120662895
Dumbravesti,0.4287767617672042
Oras Sinaia,0.16576841632372036
Oras Slanic,0.02121969676531845
Oras Urlati,0.10861158837666894
Oras Valenii De Munte,0.08856726316870603
Gura Vitioarei,0.0
Adunati,0.0
Albesti-Paleologu,0.019061499351139648
Alunis,0.17848112126926663
Apostolache,0.1644403009610368
Aricestii Rahtivani,0.2304824109015126
Aricestii Zeletin,0.0
Baba Ana,0.0
Balta Doamnei,0.0
Baltesti,0.510727088039275
Banesti,0.02392038044098246
Bertea,0.0
Boldesti-Gradistea,0.028002952228104998
Brebu,0.0
Calugareni,0.0
Carbunesti,0.0
Ceptura,0.0
Cerasu,0.0
Chiojdeanca,0.0
Ciorani,0.048689988603129605
Cocorastii Mislii,0.014028785291696676
Colceag,0.03131664357086253
Cornu,0.008124064447985805
Cosminele,0.0
Drajna,0.007219609331768989
Draganesti,0.24419933961959972
Dumbrava,0.6677063950690076
Filipestii De Padure,0.29311154978369913
Filipestii De Targ,0.6482926210763129
Fantanele,0.030561648561091996
Floresti,0.19181351193231805
Fulga,0.22915404576531362
Gherghita,0.0
Gorgota,0.03980793304249864
Gornet,0.0
Gornet-Cricov,0.0
Gura Vadului,0.014788028131640624
Iordacheanu,0.017175723158534797
Izvoarele,0.12030433798178114
Jugureni,0.04522463667671496
Lapos,0.0
Lipanesti,0.09585012195505063
Magurele,0.04840840828562835
Magureni,0.0
Maneciu,0.028945050143430896
Manesti,0.03255002780660171
Pacureti,0.01561285575203094
Plopu,0.0
Podenii Noi,0.362051251733998
Poienarii Burchii,0.03736947889021895
Posesti,0.11668405375768519
Predeal-Sarari,0.0
Provita De Jos,0.4758061510385495
Provita De Sus,0.0
Puchenii Mari,0.0
Rafov,0.09775503704566432
Salcia,0.0
Salciile,0.0
Scorteni,0.0
Secaria,0.0
Sangeru,0.6627486761338646
Starchiojd,0.08108091859348736
Surani,0.0
Sirna,0.10020210456677539
Soimari,0.0
Sotrile,0.6453389057119019
Stefesti,0.019932582538611607
Talea,0.0
Tataru,0.0
Teisani,0.0
Telega,0.024270633172963112
Tinosu,0.028733667887946394
Tomsani,0.029111028631223928
Valea Calugareasca,0.04130644342386544
Valea Doftanei,0.017593823183530966
Varbilau,0.51440535451422
Valcanesti,0.3442034437622459
Cocorastii Colt,0.1709600174441231
Olari,0.0
Vadu Sapat,0.0
Batrani,0.0
Municipiul Satu Mare,1.1693598768270395
Municipiul Carei,1.2710124092760686
Capleni,0.6162713805006133
Oras Negresti-Oas,0.35186904421346715
Oras Tasnad,1.4474701237471492
Acas,1.559055299669089
Andrid,1.2944124057348043
Apa,1.1317542115789347
Oras Ardud,1.5448092828256348
Batarci,0.5896189848739839
Beltiug,1.9090955384606938
Berveni,1.2115719249910029
Bixad,0.0802939156487247
Barsau,0.0
Bogdand,1.20767168881275
Botiz,1.0827387473542764
Calinesti-Oas,0.059483278350625474
Camarzana,0.0
Cauas,1.4792460245383015
Cehal,0.91548934417562
Certeze,0.16674578367180823
Craidorolt,1.578546474727854
Crucisor,0.6509304369067899
Culciu,1.0831851896377136
Doba,1.4433652519904039
Dorolt,0.6860147529096643
Foieni,1.2531445853163852
Gherta Mica,0.15512625358203094
Halmeu,1.1662198185480037
Hodod,1.1403899577333445
Homoroade,0.5417814300393072
Lazuri,0.8287703858541362
Oras Livada,1.1597875072876402
Mediesu Aurit,1.0018699708569616
Micula,1.8234162649712453
Moftin,1.6809132703834004
Odoreu,1.186457078714426
Orasu Nou,0.9778273285101478
Paulesti,1.4111500628025808
Petresti,1.779571684993551
Pir,1.330668658268521
Piscolt,1.385400401513873
Pomi,0.38068898784706773
Sanislau,1.5831786316516026
Santau,1.3906902326858637
Sacaseni,1.4601139057437251
Sauca,1.5154286029607666
Socond,1.1352108241041765
Supur,1.3077891951542522
Tarna Mare,0.4637198114081889
Terebesti,1.2088383818295758
Tiream,1.8523027729965587
Tarsolt,0.0
Turt,0.18849247815038023
Turulung,1.374372859624243
Urziceni,1.6060210167157922
Valea Vinului,0.4495966990108982
Vama,0.8969390474393284
Vetis,1.3635992743648637
Viile Satu Mare,1.4836250930053283
Municipiul Zalau,0.785350672434186
Oras Cehu Silvaniei,1.239465773449958
Oras Jibou,0.8550879736144814
Oras Simleu Silvaniei,1.2381218608272022
Agrij,0.8812230475866292
Almasu,1.3251984906417753
Babeni,0.19205714386761547
Balan,0.21239869951868415
Banisor,0.1323916462314766
Benesat,0.8526063739615324
Bobota,0.7244252851701436
Bocsa,1.3387875164264378
Buciumi,0.6459788511613132
Camar,0.66552186452175
Carastelec,0.5439408770936716
Chiesd,0.7603409086220827
Cizer,0.5201765002623628
Coseiu,1.1206157691035061
Crasna,1.2216781083279407
Creaca,0.20788751821376755
Cristolt,0.0
Criseni,1.1036949597147279
Cuzaplac,1.0709666092894272
Dobrin,0.8382692729671306
Dragu,0.9736260232221738
Fildu De Jos,1.436034487258867
Galgau,0.29383586956454355
Garbou,0.4908140980884421
Halmasd,0.7526882396060568
Hereclean,1.0998047477135835
Hida,0.28029834815171806
Horoatu Crasnei,0.9678604219330438
Ileanda,0.5557723840980913
Ip,1.5353004601472946
Letca,0.18408273957536725
Lozna,0.08698726648056532
Marca,1.0580570603555868
Maeriste,0.6868763452220946
Mesesenii De Jos,1.1749153714621392
Mirsid,0.9600581477234612
Napradea,0.688233754896272
Nusfalau,1.2048925519723304
Pericei,1.2443023899207755
Plopis,1.230045725946928
Poiana Blenchii,0.47727544087046225
Romanasi,0.6561945642309566
Rus,0.0910420792362899
Salatig,0.9892483188910337
Sag,0.9344320879606244
Sanmihaiu Almasului,0.7956686214366173
Somes-Odorhei,0.468539043000609
Surduc,0.3654457550242489
Samsud,0.40198347657220396
Sarmasag,0.990235369016182
Valcau De Jos,0.7960654830391132
Varsolt,1.093855309079251
Zalha,0.0866226622098393
Zimbor,0.44002906928382846
Municipiul Sibiu,0.2848903027089438
Cristian,0.12273657252212673
Poplaca,0.172730065629295
Rasinari,0.35897953757867984
Selimbar,0.2530085757985413
Municipiul Medias,0.877285615566549
Tarnava,1.1482435586236888
Oras Agnita,0.39628388674860016
Oras Cisnadie,0.2385230724354422
Oras Copsa Mica,0.9761669109698976
Oras Dumbraveni,1.211721494059687
Oras Ocna Sibiului,0.5336230207864046
Altina,1.123197570397585
Apoldu De Jos,0.11390019811700208
Arpasu De Jos,0.2991675397749034
Atel,0.927051763919617
Oras Avrig,0.3157829459442372
Axente Sever,0.43406572204332206
Bazna,1.1407101700848632
Biertan,0.7267140416168429
Barghis,1.0915820454346714
Blajel,1.2488056606868365
Brateiu,1.141925680659543
Bradeni,1.1341128368850617
Bruiu,0.7069660618102249
Chirpar,0.7081346561851833
Carta,0.6269792589706371
Cartisoara,0.038889281796203184
Darlos,0.9836011975132868
Gura Raului,0.04417211160849857
Hoghilag,1.107213691060172
Iacobeni,1.0696023293459815
Jina,0.2756453763594249
Laslea,1.324323032223233
Loamnes,0.10050710232413229
Ludos,0.5812910331199489
Marpod,0.549038652749778
Oras Miercurea Sibiului,0.7448685096025469
Merghindeal,0.908637632845748
Micasasa,0.443042391385457
Mihaileni,0.9665097252223008
Mosna,0.7919222917450022
Nocrich,0.470554331290181
Orlat,0.1605831978100915
Pauca,0.2908217008027075
Poiana Sibiului,0.11736436257039382
Porumbacu De Jos,0.5096263077577539
Racovita,0.0
Rau Sadului,0.0
Rosia,0.09318953251792465
Sadu,0.07486221757669471
Oras Saliste,0.28612585091906423
Slimnic,0.17499155820487494
Seica Mare,0.6454054939539831
Seica Mica,0.29722936888767415
Sura Mare,0.40267380910361944
Sura Mica,0.7804860147026932
Oras Talmaciu,0.3305605354014268
Tilisca,0.08305588685163731
Turnu Rosu,0.08738088828135285
Valea Viilor,0.6666976950450951
Vurpar,0.16810169799611302
Alma,1.0888104257768807
Boita,0.0
Municipiul Suceava,0.1680385128321279
Ipotesti,0.02212765168042994
Mitocu Dragomirnei,0.840436726393772
Oras Salcea,0.2998178274968738
Scheia,0.2732846197644275
Municipiul Campulung Moldovenesc,0.09510585022378071
Municipiul Falticeni,0.1731223883859034
Oras Gura Humorului,0.23141070113636858
Municipiul Radauti,0.2802543392924357
Oras Siret,0.3104737524793804
Oras Solca,0.14852058387480235
Municipiul Vatra Dornei,0.130483379924474
Adancata,0.08863946523002861
Arbore,0.12508632473351988
Baia,0.047513869497558356
Oras Milisauti,0.11461487016214691
Balcauti,0.8825854526365781
Bilca,0.11219013186973313
Bogdanesti,0.0
Boroaia,0.0
Bosanci,0.20636020164991598
Botosana,0.0
Breaza,0.026659247812586856
Brodina,0.4452970896889709
Oras Brosteni,0.012674223136495948
Bunesti,0.0
Cacica,1.017004764954845
Calafindesti,0.03073253034164518
Oras Cajvana,0.06976020717482997
Ilisesti,0.052222788370710496
Carlibaba,0.5391291884298299
Cornu Luncii,0.24726611265675122
Crucea,0.02298620934496855
Darmanesti,0.26311902729769776
Oras Dolhasca,0.5540318254391384
Dolhesti,0.25393416430367505
Dorna-Arini,0.0
Dorna Candrenilor,0.09863324113740589
Dornesti,0.3437573397995517
Dragoiesti,0.036969645704464635
Draguseni,0.058612978925631956
Dumbraveni,0.03691376026909084
Fantanele,0.03236804986412327
Forasti,0.6803528494334236
Oras Frasin,0.05549133716339928
Fratautii Noi,0.0
Fratautii Vechi,0.028126684627691148
Frumosu,0.0
Fundu Moldovei,0.00987248962662475
Galanesti,0.0
Gramesti,0.01783526718290671
Granicesti,0.0
Horodniceni,0.0
Horodnic De Jos,0.0
Iacobeni,0.0323526881787922
Izvoarele Sucevei,0.9894567892591737
Oras Liteni,0.02392388329811365
Marginea,0.014505534000858198
Malini,0.056708846584617584
Manastirea Humorului,0.7930594358748917
Moara,0.21256829371542948
Moldova-Sulita,0.3249147643059025
Moldovita,0.11663172327507094
Musenita,1.2247656909710067
Ostra,0.0
Panaci,0.0
Paltinoasa,0.4810506516691059
Partestii De Jos,0.25880319272073526
Patrauti,0.770903998881984
Poiana Stampei,0.0
Pojorata,0.08185987936501135
Preutesti,0.0
Putna,0.0182132369719876
Radaseni,0.0
Rasca,0.015397806874710058
Sadova,0.06697526445488267
Satu Mare,0.0197929426898732
Siminicea,0.02952701932893436
Slatina,0.0
Straja,0.0
Stroiesti,0.08582897744073781
Stulpicani,0.0892222240409574
Sucevita,0.46742341421733946
Saru Dornei,0.009072613782844994
Todiresti,0.0
Udesti,0.25146396423889
Ulma,0.9760692897358669
Vadu Moldovei,0.02348245348329001
Valea Moldovei,0.9728676107243746
Vama,0.14239554890424
Vatra Moldovitei,0.2874482569061067
Veresti,0.4927164579404897
Vicovu De Jos,0.1338925817691327
Oras Vicovu De Sus,0.30771913874071616
Volovat,0.11433699089727657
Vulturesti,0.0
Zamostea,0.0
Zvoristea,0.0
Comanesti,0.6696223858726436
Iaslovat,0.0
Ciocanesti,0.034853727115475804
Serbauti,0.19672321800918252
Horodnic De Sus,0.3555907859638986
Fantana Mare,0.0
Cosna,0.0
Capu Campului,0.31567798624432153
Hantesti,0.0
Burla,0.40305904600183173
Balaceana,0.020790199540899647
Hartop,0.0
Voitinel,0.5363733851606063
Ciprian Porumbescu,0.4928894567303461
Berchisesti,0.27268183871004825
Poieni-Solca,0.0
Municipiul Turnu Magurele,0.20382836512211797
Ciuperceni,0.05885939504199396
Islaz,0.0
Lita,0.013630077031445998
Municipiul Alexandria,0.154557819742871
Nanov,0.13357201910297703
Poroschia,0.19957136023333547
Municipiul Rosiori De Vede,0.13972993198751818
Oras Videle,0.22604430055065466
Crevenicu,0.0
Oras Zimnicea,0.09878249886308187
Balaci,0.0
Babaita,0.011669749624420158
Blejesti,0.08835879427990398
Bogdana,0.0
Botoroaga,0.047823216862932415
Bragadiru,0.05134631877293246
Branceni,0.3598456759510349
Bujoreni,0.05842745555499332
Bujoru,0.06219485856390519
Buzescu,0.8290971261110709
Calinesti,0.032188877162490366
Calmatuiu,0.07768033772469404
Calmatuiu De Sus,0.05950013566015014
Cervenia,0.17340267658121505
Ciolanesti,0.0112603429874279
Contesti,0.17320416694725027
Cosmesti,0.030334400044718796
Crangeni,0.026025941842720397
Crangu,0.6806883622740688
Didesti,0.043471916485273265
Dobrotesti,0.0
Dracsenei,0.1256002820281017
Draganesti De Vede,0.05587367964486491
Draganesti-Vlasca,0.2448105603560728
Furculesti,0.19132942008143938
Frumoasa,0.03188198167031326
Galateni,0.3397098290215682
Gratia,0.17042186183336486
Izvoarele,0.013350255322073958
Lisa,0.12606748230730197
Lunca,0.7566371532242082
Mavrodin,0.0
Magura,0.0981781763068167
Maldaeni,0.0
Mereni,0.19549285017194654
Marzanesti,0.24483223780963095
Mosteni,0.05990083786955689
Nasturelu,0.0
Necsesti,0.0
Olteni,0.06457222419819605
Orbeasca,0.020476852725351612
Peretu,0.0
Piatra,0.23756387099353096
Pietrosani,0.4666859450948894
Plosca,0.04134275731900607
Plopii-Slavitesti,0.07472977171990328
Poeni,0.3179345462387865
Vitanesti,0.13666559546986803
Putineiu,0.4337093940116511
Radoiesti,0.0
Rasmiresti,0.0
Salcia,0.0947977954253615
Saceni,0.03629879469025372
Scrioastea,0.22064856631283986
Scurtu Mare,0.0
Seaca,0.3052232300767887
Sfintesti,0.0
Segarcea-Vale,0.0
Silistea,0.0
Silistea-Gumesti,0.0
Sarbeni,0.0
Slobozia Mandra,0.0
Smardioasa,0.538902785104391
Stejaru,0.0
Suhaia,0.0
Storobaneasa,0.04577410491749043
Talpa,0.0
Tatarastii De Jos,0.03658935933408993
Tatarastii De Sus,0.609717659619562
Toporu,0.2150345559061701
Traian,0.3889193345462778
Trivalea-Mosteni,0.0
Troianul,0.09281143846817669
Tiganesti,0.0607935544558345
Vedea,0.0
Viisoara,0.0
Vartoape,0.05511407593755985
Zambreasca,0.0
Nenciulesti,0.0
Beciu,0.0
Beuca,0.0
Dracea,0.07864696969098416
Fantanele,0.0
Frasinet,0.11054540119737982
Purani,0.0
Saelele,0.0
Uda-Clocociov,0.0
Municipiul Timisoara,0.7403156733461145
Dumbravita,0.9300727831252515
Ghiroda,0.47511581665760527
Giroc,0.41359094773390415
Municipiul Lugoj,0.8438025029119686
Oras Buzias,0.6681126007511927
Oras Deta,1.4337986464002803
Oras Jimbolia,1.1089257333628053
Oras Sannicolau Mare,1.1948300776388343
Balint,1.018601298496795
Banloc,1.3217887548065983
Bara,0.0
Beba Veche,1.1016671230799848
Becicherecu Mic,0.6914701689070447
Belint,0.17470708249108707
Bethausen,0.4361356038852488
Biled,0.6866356165195879
Barna,0.858796755813249
Bogda,0.28944260370471464
Boldur,0.24700853686156857
Brestovat,0.9918464235284623
Carpinis,0.6446463848038981
Cenad,1.51044520237436
Cenei,1.2766559657384642
Cheveresu Mare,1.4067537309986864
Oras Ciacova,0.8934530523443632
Comlosu Mare,1.0960207430122355
Costeiu,0.7076011301920305
Criciova,0.4801248937617345
Curtea,0.21595575208509532
Darova,0.6077824051505534
Denta,1.6040183019705445
Dudestii Vechi,1.4608682331134955
Dumbrava,0.7540087425693546
Oras Faget,0.5334282532727469
Fardea,0.21128469203929465
Foeni,1.0363983018842138
Gavojdia,0.5491839133534452
Oras Gataia,1.1336862203435587
Ghizela,0.28335512873091995
Giarmata,0.31357869369924385
Giera,1.449260758102863
Giulvaz,0.9207456246031483
Jamu Mare,0.5701652878640432
Jebel,0.4296515569516141
Lenauheim,0.8046579445632897
Liebling,0.6131109984023585
Lovrin,0.5859083050998594
Margina,0.34307755177551574
Masloc,0.9190098444852761
Manastiur,0.4457115703854604
Moravita,0.8301953760059976
Mosnita Noua,0.6497220865515514
Nadrag,0.471976974364555
Nitchidorf,0.481990688087337
Ohaba Lunga,0.2808043267034754
Ortisoara,0.3290790113124231
Peciu Nou,0.9562077701110056
Periam,0.7555586112579906
Pietroasa,0.0
Pischia,0.4216938925294001
Racovita,0.5526641791440782
Oras Recas,1.002243038327107
Remetea Mare,0.15754774843970923
Sacosu Turcesc,0.7411296653987208
Satchinez,0.7593049672676899
Sacalaz,0.3723712424796005
Secas,0.0
Sanandrei,0.3519926062424168
Sanmihaiu Roman,0.38450964509817015
Sanpetru Mare,1.2711059491324146
Sag,0.7582506537097401
Stiuca,1.0502060723340034
Teremia Mare,0.5577102422053347
Tomesti,0.24448685958991392
Topolovatu Mare,0.811024525293104
Tormac,1.1227813370953819
Traian Vuia,0.5189780027309651
Uivar,1.0151825610461587
Varias,1.421693318973152
Victor Vlad Delamarina,1.071648558033442
Voiteg,0.7329786888413521
Birda,0.5981926026891519
Checea,1.5520913012293645
Dudestii Noi,0.5986831631635016
Fibis,0.330451399988562
Ghilad,1.1360853608434898
Gottlob,0.7065954748797515
Iecea Mare,0.3980840887627698
Parta,0.9158012608432003
Padureni,0.18594647590896657
Saravale,1.2676718736996255
Sandra,0.17525550510508514
Tomnatic,1.0444566547799832
Valcani,0.2569139954336908
Livezile,0.6029017256852098
Pesac,0.3895771659978242
Bucovat,0.3671188337646738
Otelec,1.0506676362410141
Municipiul Tulcea,0.5312067760272146
Oras Babadag,0.962123470447573
Oras Isaccea,0.3864408698381085
Oras Macin,0.4876314122179396
Oras Sulina,0.7372906754758226
Baia,0.09278181624599524
Beidaud,0.0
C.a. Rosetti,1.209707892089042
Carcaliu,0.4515456949606562
Casimcea,0.3590048065850627
Ceatalchioi,0.17569901762168857
Ceamurlia De Jos,0.03634898970198978
Cerna,0.01023034046390768
Chilia Veche,0.3565298450722967
Ciucurova,0.9285001395881479
Crisan,1.4681558656028244
Daeni,0.0
Dorobantu,0.0
Frecatei,0.13577230654638553
Greci,0.07997683020659677
Grindu,0.0
Hamcearca,0.0
Horia,0.0
Izvoarele,1.0129241541398044
Jijila,0.0
Jurilovca,1.0023206332393422
Luncavita,0.0
Mahmudia,0.7652226569950894
Maliuc,0.2261735145058073
Mihai Bravu,0.030152172906013894
Mihail Kogalniceanu,0.12448415573306004
Murighiol,0.22873835200953208
Nalbant,0.013847025395845246
Niculitel,0.3112846832186806
Nufaru,0.0
Ostrov,0.0
Pardina,0.5916634464336761
Peceneaga,0.0
Sarichioi,0.9841120391737144
Sfantu Gheorghe,0.23939653199178057
Slava Cercheza,0.7562271389021809
Smardan,0.028777966747582304
Somova,0.021861526431903786
Stejaru,0.0
Topolog,0.05310255492951283
Turcoaia,0.0
Valea Nucarilor,0.0
I.c.bratianu,0.05956002727483289
Vacareni,0.0
Bestepe,0.08404404232909639
Valea Teilor,0.09907368887853442
Municipiul Barlad,0.14879167254700842
Municipiul Husi,0.05741861494851607
Oras Negresti,0.24344297671122822
Municipiul Vaslui,0.13172104929530298
Albesti,0.0
Alexandru Vlahuta,0.0
Arsura,0.0
Banca,0.0
Bacani,0.06070644371417669
Bacesti,0.5737449847391405
Balteni,0.0696360375940046
Berezeni,0.010039798124458548
Blagesti,0.02100717388835926
Bogdana,0.0
Bogdanesti,0.0
Bogdanita,0.0
Botesti,0.0
Bunesti-Averesti,0.0
Codaesti,0.0
Coroiesti,0.0
Costesti,0.03918571042302388
Cretesti,0.038195618208039586
Danesti,0.0
Deleni,0.0
Delesti,0.0
Dragomiresti,0.5503189912305722
Dranceni,0.0
Duda-Epureni,0.0
Dumesti,0.43042609929916814
Epureni,0.0
Falciu,0.01699004200161231
Gagesti,0.0
Gherghesti,0.11097236565980242
Garceni,0.2416761605123881
Grivita,0.0
Hoceni,0.0
Dimitrie Cantemir,0.0
Iana,0.0
Ivanesti,0.11008353399639037
Ivesti,0.0
Laza,0.0
Lipovat,0.071665244884915
Lunca Banului,0.0
Malusteni,0.0
Miclesti,0.0
Muntenii De Jos,0.012975551867280975
Oras Murgeni,0.7576154903510703
Oltenesti,0.0
Osesti,0.1314186484329239
Padureni,0.0
Perieni,0.0
Poienesti,0.012195721842009922
Pogana,0.0
Puiesti,0.0
Pungesti,0.4206170517060616
Rebricea,0.010393844606689536
Rosiesti,0.0
Solesti,0.0
Stanilesti,0.0
Stefan Cel Mare,0.0
Suletea,0.0
Tanacu,0.0
Tacuta,0.10080468293158754
Tatarani,0.0
Todiresti,0.0
Tutova,0.0
Valeni,0.009266928261327124
Vetrisoaia,0.0
Viisoara,0.01743259676684215
Vinderei,0.0
Voinesti,0.0
Vulturesti,0.0
Vutcani,0.0
Zapodeni,0.0
Zorleni,0.043849688801161295
Ibanesti,0.0
Fruntiseni,0.0
Rafaila,0.0
Pogonesti,0.0
Ciocani,0.0
Cozmesti,0.6222533563616927
Dodesti,0.0
Feresti,0.0
Muntenii De Sus,0.0
Pochidia,0.0
Puscasi,0.048153694058892776
Municipiul Ramnicu Valcea,0.14383567745549602
Oras Baile Govora,0.07653129936704056
Oras Baile Olanesti,0.09725469014552529
Oras Brezoi,0.4845050980972959
Oras Calimanesti,0.3466088406687325
Municipiul Dragasani,0.34134179587606184
Oras Horezu,0.10647779132679608
Oras Ocnele Mari,0.08354384611632092
Alunu,0.23740386611134653
Amarasti,0.0
Oras Babeni,0.25479505443408834
Oras Balcesti,0.1519502183443709
Barbatesti,0.0
Oras Berbesti,0.06610458422924162
Berislavesti,0.0
Boisoara,0.0
Budesti,0.07985968161347345
Bujoreni,0.22726499935155905
Bunesti,0.38193814214303934
Cernisoara,0.0
Caineni,0.4006780245303417
Copaceni,0.0
Costesti,0.02270810705647735
Creteni,0.09238355066550805
Daesti,0.44365828161197535
Danicei,0.0
Dragoesti,0.0
Fauresti,0.0
Fartatesti,0.0
Francesti,0.4600357354483584
Galicea,0.0
Ghioroiu,0.0
Glavile,0.0
Golesti,0.0
Gradistea,0.1803181160221093
Gusoeni,0.0
Ionesti,0.018797587730934106
Lalosu,0.6551787723503049
Ladesti,0.0
Lapusata,0.0
Livezi,0.0
Lungesti,0.3741831725632899
Malaia,0.0
Mateesti,0.0
Maciuca,0.0
Madulari,0.0
Maldaresti,0.0
Mihaesti,0.044137229532950614
Milcoiu,0.0
Muereasca,0.09935957799778655
Nicolae Balcescu,0.0
Olanu,0.0
Orlesti,0.0
Otesani,0.05152257925388734
Pausesti,0.0
Pausesti-Maglasi,0.26815725641636273
Perisani,0.0
Pesceana,0.0
Pietrari,0.0
Popesti,0.0
Prundeni,0.04677840199737541
Racovita,0.4159983489990228
Roesti,0.0
Rosiile,0.0
Runcu,0.04758268480663624
Salatrucel,0.04785881038835037
Scundu,0.0
Sinesti,0.0
Slatioara,0.0
Stanesti,0.0
Stoenesti,0.0
Stoilesti,0.0
Stroesti,0.0
Sutesti,0.02980753744621672
Sirineasa,0.03295563107056686
Stefanesti,0.0
Susani,0.013974876739695927
Tetoiu,0.0
Tomsani,0.044736354944840497
Vaideeni,0.32775864371661534
Valea Mare,0.0
Vladesti,0.18395947464944837
Voicesti,0.2117811124950345
Voineasa,0.028193633007366676
Zatreni,0.0
Titesti,0.06047429775658422
Diculesti,0.0
Lacusteni,0.0
Mitrofani,0.0
Municipiul Focsani,0.12512553550589894
Campineanca,0.04156237073740638
Golesti,0.023212626252484575
Municipiul Adjud,0.3474665021569923
Oras Marasesti,0.40920089543828364
Oras Odobesti,0.11010499917937208
Oras Panciu,0.12373913138192699
Andreiasu De Jos,0.0
Balesti,0.07577357566004744
Barsesti,0.0
Boghesti,0.0
Bolotesti,0.0
Bordesti,0.21536309011288285
Brosteni,0.0
Chiojdeni,0.8386195424606384
Ciorasti,0.3726432609281244
Campuri,0.02414212408736229
Carligele,0.014497236355441033
Corbita,0.028797094448585185
Cotesti,0.018967647375354738
Dumbraveni,0.043584249347859955
Dumitresti,0.008055169589307796
Fitionesti,0.0
Garoafa,0.02593647578553395
Gugesti,0.03342268177081633
Gura Calitei,0.0
Homocea,0.4323384226037732
Jaristea,0.03309661932972894
Jitia,0.0
Maicanesti,0.13637940177454924
Mera,0.01054047970682465
Milcovul,0.04381405359508403
Movilita,0.020347482545329285
Nanesti,0.03425061363164259
Naruja,0.0
Nereju,0.0
Nistoresti,0.0
Paltin,0.0
Paunesti,0.017572975663235086
Poiana Cristei,0.013020476341144054
Pufesti,0.2320927678239462
Racoasa,0.22167045012453326
Reghiu,0.0
Ruginesti,0.07022102134103275
Sihlea,0.33313407522583205
Slobozia Bradului,0.7889025665382956
Slobozia Ciorasti,0.0
Soveja,0.0
Straoane,0.031065604025429513
Suraia,0.21054495587016497
Tanasoaia,0.0
Tataranu,0.0881675462767393
Tamboesti,0.9999818367303421
Tulnici,0.1651030211187859
Tifesti,0.00939045244856107
Urechesti,0.07140703021426814
Valea Sarii,0.0
Vidra,0.07639289133577717
Vintileasca,0.0
Vizantea-Livezi,0.00945687905968176
Vanatori,0.028236955808338873
Vartescoiu,0.0
Vrancioaia,0.0
Vulturu,0.2310730872016185
Negrilesti,0.0
Ploscuteni,0.0
Popesti,0.01280865124706351
Paulesti,0.0
Biliesti,0.0
Gologanu,0.0
Obrejita,0.08765120592297838
Rastoaca,0.0
Spulber,0.0
Municipiul Bucuresti,0.24383284341281355
Oras Bragadiru,0.20594321411986352
Chiajna,0.08988631093669072
Oras Chitila,0.2667795340067962
Dobroesti,0.2852815084853568
Glina,0.7648172334259478
Jilava,0.6126839670261959
Oras Magurele,0.17543094899661654
Mogosoaia,0.231771238199366
Oras Otopeni,0.12651972453950625
Oras Pantelimon,0.3879138474632944
Oras Popesti Leordeni,0.12733893257650342
Oras Voluntari,0.44315599769573855
Copaceni,0.09697053375417347
Poienile Izei,0.0
Sieu,0.0
Grosii Tiblesului,0.40298203888166
Treznea,0.4278385440590876
Vulcana-Pandele,0.040048014812863825
Negrilesti,0.03934694307499867
Camin,1.3899105168956054
Dumitrita,0.7376437751311018
Simisna,0.4127280438421641
Traian,0.6547719905218928
Vladeni,0.47599041300337025
Poiana Ilvei,0.0
Malu,0.07209406181290999
Cosoba,0.0
Herasti,0.7397693929571435
Isvoarele,0.1718766338501383
Sabareni,0.13456966078989357
Boranesti,0.9485996505186705
Buesti,0.0
Maia,0.06902294762608518
Ograda,0.18301798127281255
Rosiori,0.0
Coas,0.03491870568141903
Coltau,1.2613307313034705
Gardani,0.026993284749341144
Oncesti,0.0
Agris,1.1924808184296314
Ciumesti,1.3561845205580627
Raciu,0.055919636698743044
Pietrari,0.07836148819277904
Rau Alb,0.0
Rascaeti,0.0
Persinari,0.2967421314362998
Runcu Salvei,0.0
Ciceu- Mihaiesti,1.0006446529340192
Galbinasi,0.789621432955445
Colelia,0.0818577948703493
Marculesti,0.032826783034600265
Moldoveni,0.0
Platonesti,0.0
Sarateni,0.29021017398145044
Porumbesti,0.7702399961666261
Boghis,1.1207365183332265
Gura Ialomitei,0.0
Crivat,0.2782824186294442
Barbulesti,0.2048102577003925
Racsa,0.02088603918363072
